Name,Role,Batting,Bowling,Technique,Timing,Aggression,Movement,Accuracy,Fielding
Abyukta Manikandan,Opening Batter,Left Hand,Slow Left Arm Chinaman,,,,,,
Adah Sharma,Opening Batter,Right Hand,Left Arm Fast-Medium,,,,,,
Aditi Prabhudeva,Opening Batter,Left Hand,Left Arm Fast,,,,,,
Ahaana Krishna,Opening Batter,Right Hand,Right Arm Offspin,,,,,,
Amala Shaji,Opening Batter,Right Hand,Right Arm Medium-Fast,,,,,,
Anitha Sampath,Opening Batter,Right Hand,Right Arm Fast,,,,,,
Anna Ben,Opening Batter,Right Hand,Right Arm Fast-Medium,,,,,,
Anna Rajan,Opening Batter,Right Hand,Right Arm Fast-Medium,,,,,,
Anukreethy Vas,Opening Batter,Right Hand,Right Arm Medium-Fast,,,,,,
Archana Chandhoke,Opening Batter,Right Hand,Right Arm Offspin,,,,,,
Ashna Zaveri,Opening Batter,Right Hand,Left Arm Fast-Medium,,,,,,
Bhavani Sre,Opening Batter,Right Hand,Left Arm Fast,,,,,,
Bindu Madhavi,Opening Batter,Right Hand,Right Arm Fast-Medium,,,,,,
Catherine Tresa,Opening Batter,Left Hand,Left Arm Medium,,,,,,
Chaitra Reddy,Opening Batter,Right Hand,Right Arm Medium-Fast,,,,,,
Divi Vadthya,Opening Batter,Right Hand,Right Arm Medium,,,,,,
Divya Duraisamy,Opening Batter,Right Hand,Right Arm Offspin,,,,,,
Faria Abdullah,Opening Batter,Left Hand,Slow Left Arm Chinaman,,,,,,
Honey Rose,Opening Batter,Right Hand,Right Arm Fast-Medium,,,,,,
Iswarya Menon,Opening Batter,Right Hand,Right Arm Fast-Medium,,,,,,
Ivana,Opening Batter,Right Hand,Right Arm Fast,,,,,,
Janani Ashok Kumar,Opening Batter,Left Hand,Slow Left Arm Chinaman,,,,,,
Juhi Rustagi,Opening Batter,Left Hand,Slow Left Arm Chinaman,,,,,,
Kaavya Arivumani,Opening Batter,Right Hand,Right Arm Medium,,,,,,
Kamalinee Mukherji,Opening Batter,Left Hand,Slow Left Arm Chinaman,,,,,,
Kavya Thapar,Opening Batter,Right Hand,Right Arm Medium,,,,,,
Ketika Sharma,Opening Batter,Right Hand,Right Arm Offspin,,,,,,
Lakshmi Menon,Opening Batter,Right Hand,Right Arm Offspin,,,,,,
Luthufunnissa,Opening Batter,Left Hand,Left Arm Medium-Fast,,,,,,
Malavika Sreenath,Opening Batter,Right Hand,Right Arm Medium,,,,,,
Meenakshi Dinesh,Opening Batter,Right Hand,Right Arm Fast,,,,,,
Meenakshi Raveendran,Opening Batter,Right Hand,Right Arm Offspin,,,,,,
Meera Mithun,Opening Batter,Left Hand,Left Arm Fast,,,,,,
Misha Ghoshal,Opening Batter,Right Hand,Right Arm Offspin,,,,,,
Monisha Blessy,Opening Batter,Right Hand,Right Arm Offspin,,,,,,
Nainita Maria,Opening Batter,Right Hand,Left Arm Medium,,,,,,
Nayani Pavani,Opening Batter,Left Hand,Right Arm Fast,,,,,,
Nidhhi Agerwal,Opening Batter,Right Hand,Left Arm Medium-Fast,,,,,,
Nikesha Patel,Opening Batter,Right Hand,Right Arm Legspin,,,,,,
Nikhila Vimal,Opening Batter,Right Hand,Right Arm Fast,,,,,,
Pavani Reddy,Opening Batter,Right Hand,Right Arm Medium,,,,,,
Pavithra Lakshmi,Opening Batter,Left Hand,Right Arm Fast,,,,,,
Pragya Nagra,Opening Batter,Right Hand,Right Arm Medium,,,,,,
Prayaga Martin,Opening Batter,Right Hand,Right Arm Legspin,,,,,,
Priyamani,Opening Batter,Left Hand,Left Arm Medium-Fast,,,,,,
Priyanka Mohan,Opening Batter,Right Hand,Right Arm Fast-Medium,,,,,,
Radhika Apte,Opening Batter,Right Hand,Right Arm Legspin,,,,,,
Radhika Preeti,Opening Batter,Right Hand,Right Arm Medium-Fast,,,,,,
Rashi Singh,Opening Batter,Right Hand,Right Arm Medium-Fast,,,,,,
Reba Monica John,Opening Batter,Right Hand,Left Arm Medium,,,,,,
Rima Kallingal,Opening Batter,Right Hand,Left Arm Fast-Medium,,,,,,
Samyuktha Menon,Opening Batter,Right Hand,Right Arm Medium-Fast,,,,,,
Sanchita Shetty,Opening Batter,Left Hand,Left Arm Fast,,,,,,
Saranya Mohan,Opening Batter,Left Hand,Right Arm Fast-Medium,,,,,,
Satna Titus,Opening Batter,Right Hand,Right Arm Offspin,,,,,,
Shriya Saran,Opening Batter,Right Hand,Right Arm Fast-Medium,,,,,,
Sindhu Menon,Opening Batter,Right Hand,Right Arm Fast,,,,,,
Sobhita Dhulipala,Opening Batter,Right Hand,Right Arm Fast,,,,,,
Sree Leela,Opening Batter,Right Hand,Right Arm Fast,,,,,,
Sreethu Krishnan,Opening Batter,Left Hand,Slow Left Arm Chinaman,,,,,,
Sruthi Hariharan,Opening Batter,Left Hand,Left Arm Fast,,,,,,
Sujitha Dhanush,Opening Batter,Right Hand,Right Arm Fast,,,,,,
Surekha Vani,Opening Batter,Right Hand,Right Arm Fast-Medium,,,,,,
Suruthi Periyasamy,Opening Batter,Right Hand,Right Arm Legspin,,,,,,
Swathi Reddy,Opening Batter,Right Hand,Right Arm Fast,,,,,,
Tamannaah Bhatia,Opening Batter,Right Hand,Right Arm Medium-Fast,,,,,,
Tejaswini Gowda,Opening Batter,Right Hand,Right Arm Legspin,,,,,,
Trisha Krishnan,Opening Batter,Left Hand,Left Arm Fast-Medium,,,,,,
Vaishnavi Arulmozhi,Opening Batter,Right Hand,Right Arm Offspin,,,,,,
Yami Gautam,Opening Batter,Right Hand,Left Arm Fast,,,,,,
Yashika Aannand,Opening Batter,Right Hand,Right Arm Offspin,,,,,,
Aathmika,Top Order Batter,Left Hand,Right Arm Fast,,,,,,
Abhinaya,Top Order Batter,Right Hand,Right Arm Offspin,,,,,,
Akshaya Udayakumar,Top Order Batter,Right Hand,Right Arm Medium,,,,,,
Ammu Abhirami,Top Order Batter,Left Hand,Slow Left Arm Orthodox,,,,,,
Amritha Aiyer,Top Order Batter,Right Hand,Right Arm Medium-Fast,,,,,,
Amrutha Srinivasan,Top Order Batter,Right Hand,Left Arm Medium-Fast,,,,,,
Anaika Soti,Top Order Batter,Right Hand,Right Arm Fast-Medium,,,,,,
Andrea Jeremiah,Top Order Batter,Left Hand,Left Arm Medium-Fast,,,,,,
Anikha Surendran,Top Order Batter,Right Hand,Left Arm Fast,,,,,,
Anjali Nair,Top Order Batter,Left Hand,Left Arm Fast,,,,,,
Anushka Shetty,Top Order Batter,Left Hand,Left Arm Fast-Medium,,,,,,
Archana Unnikrishnan,Top Order Batter,Right Hand,Right Arm Medium-Fast,,,,,,
Bhavana Menon,Top Order Batter,Right Hand,Left Arm Fast-Medium,,,,,,
Deepa Balu,Top Order Batter,Left Hand,Right Arm Fast-Medium,,,,,,
Eesha Rebba,Top Order Batter,Right Hand,Left Arm Medium,,,,,,
Esther Anil,Top Order Batter,Right Hand,Right Arm Medium-Fast,,,,,,
Gopika Ramesh,Top Order Batter,Right Hand,Right Arm Offspin,,,,,,
Indhuja Ravichandran,Top Order Batter,Right Hand,Right Arm Offspin,,,,,,
Isha Talwar,Top Order Batter,Right Hand,Right Arm Fast-Medium,,,,,,
Ishani Krishna,Top Order Batter,Right Hand,Right Arm Medium-Fast,,,,,,
Janhvi Kapoor,Top Order Batter,Right Hand,Right Arm Legspin,,,,,,
Kavipriya Jayavel,Top Order Batter,Right Hand,Left Arm Fast,,,,,,
Leona Lishoy,Top Order Batter,Left Hand,Left Arm Fast,,,,,,
Mamtha Mohandas,Top Order Batter,Right Hand,Right Arm Offspin,,,,,,
Meenakshi Anoop,Top Order Batter,Left Hand,Left Arm Medium,,,,,,
Meenakshi Dileep,Top Order Batter,Left Hand,Slow Left Arm Orthodox,,,,,,
Meenakshi Unnikrishnan,Top Order Batter,Right Hand,Right Arm Fast-Medium,,,,,,
Mokksha Sengupta,Top Order Batter,Right Hand,Right Arm Medium,,,,,,
Nakshatra Nagesh,Top Order Batter,Right Hand,Right Arm Offspin,,,,,,
Oviya Helen,Top Order Batter,Right Hand,Left Arm Fast-Medium,,,,,,
Pavithra Janani,Top Order Batter,Left Hand,Left Arm Medium-Fast,,,,,,
Payal Rajput,Top Order Batter,Left Hand,Left Arm Medium-Fast,,,,,,
Pooja Jhaveri,Top Order Batter,Left Hand,Left Arm Medium,,,,,,
Poornima Ravi,Top Order Batter,Left Hand,Slow Left Arm Orthodox,,,,,,
Priyanka Deshpande,Top Order Batter,Left Hand,Left Arm Medium-Fast,,,,,,
Raashi Khanna,Top Order Batter,Right Hand,Right Arm Legspin,,,,,,
Rabiya Khatoon,Top Order Batter,Right Hand,Left Arm Medium-Fast,,,,,,
Rachita Ram,Top Order Batter,Left Hand,Right Arm Fast-Medium,,,,,,
Rashmika Mandanna,Top Order Batter,Left Hand,Right Arm Fast-Medium,,,,,,
Salma Arun,Top Order Batter,Right Hand,Right Arm Medium,,,,,,
Sanam Shetty,Top Order Batter,Left Hand,Slow Left Arm Orthodox,,,,,,
Siddhi Idnani,Top Order Batter,Left Hand,Left Arm Fast-Medium,,,,,,
Sija Rose,Top Order Batter,Right Hand,Right Arm Fast,,,,,,
Sneha Prasanna,Top Order Batter,Right Hand,Right Arm Offspin,,,,,,
Srinda,Top Order Batter,Left Hand,Slow Left Arm Chinaman,,,,,,
Sshivada,Top Order Batter,Left Hand,Slow Left Arm Chinaman,,,,,,
Taapsee Pannu,Top Order Batter,Left Hand,Slow Left Arm Chinaman,,,,,,
Teju Ashwini,Top Order Batter,Right Hand,Left Arm Medium-Fast,,,,,,
Varsha Viswanath,Top Order Batter,Left Hand,Right Arm Fast,,,,,,
Vidhya Pradeep,Top Order Batter,Right Hand,Right Arm Fast-Medium,,,,,,
Vinusha Devi,Top Order Batter,Right Hand,Right Arm Offspin,,,,,,
Vishnupriya Pillai,Top Order Batter,Right Hand,Right Arm Fast-Medium,,,,,,
Aditi Shankar,Middle Order Batter,Right Hand,Right Arm Fast-Medium,,,,,,
Alya Manasa,Middle Order Batter,Left Hand,Left Arm Medium,,,,,,
Ananthika Sanilkumar,Middle Order Batter,Right Hand,Right Arm Fast,,,,,,
Ananya Gopalakrishnan,Middle Order Batter,Right Hand,Right Arm Medium-Fast,,,,,,
Anasuya Bharadwaj,Middle Order Batter,Left Hand,Left Arm Fast-Medium,,,,,,
Anchal Singh,Middle Order Batter,Right Hand,Right Arm Fast,,,,,,
Anjali,Middle Order Batter,Left Hand,Slow Left Arm Orthodox,,,,,,
Asha Gowda,Middle Order Batter,Right Hand,Right Arm Fast-Medium,,,,,,
Bhavana Balakrishnan,Middle Order Batter,Right Hand,Right Arm Medium,,,,,,
Deepthi Nambiar,Middle Order Batter,Right Hand,Right Arm Fast-Medium,,,,,,
Dhanya Pallath,Middle Order Batter,Right Hand,Left Arm Fast,,,,,,
Dharsha Gupta,Middle Order Batter,Right Hand,Left Arm Medium,,,,,,
Divya Bharathi,Middle Order Batter,Right Hand,Right Arm Fast,,,,,,
Divya Pillai,Middle Order Batter,Right Hand,Left Arm Fast-Medium,,,,,,
Genelia D'Souza,Middle Order Batter,Left Hand,Left Arm Medium,,,,,,
Gouri Kishan,Middle Order Batter,Right Hand,Right Arm Offspin,,,,,,
Grace Antony,Middle Order Batter,Left Hand,Slow Left Arm Chinaman,,,,,,
Hebah Patel,Middle Order Batter,Right Hand,Left Arm Medium-Fast,,,,,,
Jyotika Saravanan,Middle Order Batter,Right Hand,Right Arm Medium-Fast,,,,,,
Kanmani Manoharan,Middle Order Batter,Right Hand,Right Arm Medium,,,,,,
Kavya Madhavan,Middle Order Batter,Left Hand,Right Arm Fast-Medium,,,,,,
Kayadu Lohar,Middle Order Batter,Right Hand,Right Arm Legspin,,,,,,
Krithika Annamalai,Middle Order Batter,Left Hand,Slow Left Arm Orthodox,,,,,,
Kriti Sanon,Middle Order Batter,Right Hand,Right Arm Fast,,,,,,
Lijomol Jose,Middle Order Batter,Right Hand,Left Arm Fast-Medium,,,,,,
Madhu Shalini,Middle Order Batter,Left Hand,Slow Left Arm Orthodox,,,,,,
Madhumitha,Middle Order Batter,Left Hand,Left Arm Fast,,,,,,
Maheshwari Chanakyan,Middle Order Batter,Right Hand,Right Arm Legspin,,,,,,
Malavika Mohanan,Middle Order Batter,Right Hand,Right Arm Fast-Medium,,,,,,
Maya Sundarakrishnan,Middle Order Batter,Right Hand,Left Arm Medium-Fast,,,,,,
Meenakshi Chaudhary,Middle Order Batter,Right Hand,Right Arm Medium,,,,,,
Megha Akash,Middle Order Batter,Right Hand,Right Arm Offspin,,,,,,
Nandana Varma,Middle Order Batter,Right Hand,Left Arm Fast-Medium,,,,,,
Nayanthara Kurian,Middle Order Batter,Right Hand,Right Arm Legspin,,,,,,
Nazriya Nazim,Middle Order Batter,Right Hand,Left Arm Fast-Medium,,,,,,
Niharika Konidela,Middle Order Batter,Right Hand,Right Arm Legspin,,,,,,
Nikki Galrani,Middle Order Batter,Right Hand,Right Arm Offspin,,,,,,
Nithya Menen,Middle Order Batter,Right Hand,Left Arm Fast-Medium,,,,,,
Palak Lalwani,Middle Order Batter,Right Hand,Right Arm Medium-Fast,,,,,,
Pragya Nayan,Middle Order Batter,Left Hand,Left Arm Fast-Medium,,,,,,
Pratibha,Middle Order Batter,Left Hand,Right Arm Fast,,,,,,
Rachitha Mahalakshmi,Middle Order Batter,Left Hand,Left Arm Fast,,,,,,
Raiza Wilson,Middle Order Batter,Right Hand,Left Arm Fast-Medium,,,,,,
Ramya Pandian,Middle Order Batter,Left Hand,Left Arm Medium-Fast,,,,,,
Raveena Ravi,Middle Order Batter,Right Hand,Left Arm Medium-Fast,,,,,,
Remya Nambeesan,Middle Order Batter,Right Hand,Right Arm Legspin,,,,,,
Rhema Ashok,Middle Order Batter,Right Hand,Right Arm Fast-Medium,,,,,,
Rukmini Vasanth,Middle Order Batter,Right Hand,Right Arm Medium,,,,,,
Saanve Megghana,Middle Order Batter,Right Hand,Right Arm Medium,,,,,,
Sandhya,Middle Order Batter,Right Hand,Right Arm Offspin,,,,,,
Sanjana Anand,Middle Order Batter,Left Hand,Left Arm Fast-Medium,,,,,,
Shabana Shajahan Aryan,Middle Order Batter,Right Hand,Left Arm Fast-Medium,,,,,,
Smruthi Venkat,Middle Order Batter,Right Hand,Right Arm Fast-Medium,,,,,,
Sneha Babu,Middle Order Batter,Right Hand,Left Arm Medium,,,,,,
Sonia Deepthi,Middle Order Batter,Left Hand,Slow Left Arm Orthodox,,,,,,
Sreemukhi Rathod,Middle Order Batter,Right Hand,Left Arm Medium,,,,,,
Sruthi Raj,Middle Order Batter,Right Hand,Left Arm Medium-Fast,,,,,,
Suja Varunee,Middle Order Batter,Left Hand,Left Arm Fast-Medium,,,,,,
Vijayalakshmi Feroz,Middle Order Batter,Left Hand,Right Arm Fast-Medium,,,,,,
Yogalakshmi,Middle Order Batter,Right Hand,Right Arm Offspin,,,,,,
Zayn Marie Khan,Middle Order Batter,Right Hand,Left Arm Fast,,,,,,
Abhirami Venkatachalam,Opening Keeper-Batter,Left Hand,N/A,,,,,,
Abi Nakshatra,Opening Keeper-Batter,Right Hand,N/A,,,,,,
Anjena Kirti,Top Order Keeper-Batter,Left Hand,N/A,,,,,,
Ann Augustine,Opening Keeper-Batter,Right Hand,N/A,,,,,,
Archana Ravichandran,Opening Keeper-Batter,Right Hand,N/A,,,,,,
Asha Sharath,Opening Keeper-Batter,Right Hand,N/A,,,,,,
Athira Patel,Opening Keeper-Batter,Left Hand,N/A,,,,,,
Athmiya Rajan,Top Order Keeper-Batter,Left Hand,N/A,,,,,,
Avantika Mishra,Top Order Keeper-Batter,Right Hand,N/A,,,,,,
Brigida Saga,Opening Keeper-Batter,Right Hand,N/A,,,,,,
Farina Azad,Opening Keeper-Batter,Left Hand,N/A,,,,,,
Fouzil Hidhayah,Opening Keeper-Batter,Right Hand,N/A,,,,,,
Kavya Shasthri,Top Order Keeper-Batter,Left Hand,N/A,,,,,,
Krithi Shetty,Top Order Keeper-Batter,Right Hand,N/A,,,,,,
Maanasa Choudhary,Middle Order Keeper-Batter,Right Hand,N/A,,,,,,
Madonna Sebastian,Top Order Keeper-Batter,Right Hand,N/A,,,,,,
Malavika Konnur Menon,Top Order Keeper-Batter,Right Hand,N/A,,,,,,
Maria Juliana,Middle Order Keeper-Batter,Left Hand,N/A,,,,,,
Meenakshi Govindarajan,Top Order Keeper-Batter,Left Hand,N/A,,,,,,
Monal Gajjar,Opening Keeper-Batter,Right Hand,N/A,,,,,,
Mounika Devi,Opening Keeper-Batter,Right Hand,N/A,,,,,,
Nandhini,Middle Order Keeper-Batter,Right Hand,N/A,,,,,,
Nandini Rai,Top Order Keeper-Batter,Right Hand,N/A,,,,,,
Neha Shetty,Middle Order Keeper-Batter,Right Hand,N/A,,,,,,
Niranjana Anoop,Opening Keeper-Batter,Left Hand,N/A,,,,,,
Nishvika Naidu,Top Order Keeper-Batter,Right Hand,N/A,,,,,,
Priyanka Jain,Middle Order Keeper-Batter,Right Hand,N/A,,,,,,
Rachana Inder,Top Order Keeper-Batter,Right Hand,N/A,,,,,,
Rachel David,Middle Order Keeper-Batter,Right Hand,N/A,,,,,,
Rakul Preet Singh,Middle Order Keeper-Batter,Right Hand,N/A,,,,,,
Ramya Subramanian,Top Order Keeper-Batter,Left Hand,N/A,,,,,,
Raveena Daha,Opening Keeper-Batter,Right Hand,N/A,,,,,,
Renu Soundar,Middle Order Keeper-Batter,Left Hand,N/A,,,,,,
Rithu Chowdary,Middle Order Keeper-Batter,Right Hand,N/A,,,,,,
Roshni Haripriyan,Middle Order Keeper-Batter,Right Hand,N/A,,,,,,
Ruhani Sharma,Middle Order Keeper-Batter,Right Hand,N/A,,,,,,
Samantha Ruth Prabhu,Opening Keeper-Batter,Left Hand,N/A,,,,,,
Samvrutha Sunil,Top Order Keeper-Batter,Right Hand,N/A,,,,,,
Shreema Upadhyay,Middle Order Keeper-Batter,Right Hand,N/A,,,,,,
Sri Divya,Opening Keeper-Batter,Right Hand,N/A,,,,,,
Srinidhi Shetty,Top Order Keeper-Batter,Right Hand,N/A,,,,,,
Swasika Vijay,Middle Order Keeper-Batter,Left Hand,N/A,,,,,,
Tanya Ravichandran,Middle Order Keeper-Batter,Right Hand,N/A,,,,,,
Tripti Dimri,Top Order Keeper-Batter,Left Hand,N/A,,,,,,
Vaibhavi Shandilya,Middle Order Keeper-Batter,Right Hand,N/A,,,,,,
Abarnathi,Pace All Rounder,Left Hand,Left Arm Fast-Medium,,,,,,
Aishwarya Lekshmi,Pace All Rounder,Right Hand,Left Arm Medium-Fast,,,,,,
Amyra Dastur,Pace All Rounder,Right Hand,Right Arm Medium-Fast,,,,,,
Anju Kurian,Pace All Rounder,Left Hand,Left Arm Medium,,,,,,
Anu Emmanuel,Pace All Rounder,Left Hand,Left Arm Fast-Medium,,,,,,
Avika Gor,Pace All Rounder,Right Hand,Right Arm Medium,,,,,,
Deepti Sati,Pace All Rounder,Right Hand,Right Arm Fast-Medium,,,,,,
Dhanya Balakrishna,Pace All Rounder,Right Hand,Right Arm Medium,,,,,,
Digangana Suryavanshi,Pace All Rounder,Left Hand,Left Arm Fast-Medium,,,,,,
Gayathrie Shankar,Pace All Rounder,Right Hand,Right Arm Medium-Fast,,,,,,
Hima Bindu,Pace All Rounder,Right Hand,Right Arm Medium,,,,,,
Huma Qureshi,Pace All Rounder,Right Hand,Left Arm Medium-Fast,,,,,,
Janani Iyer,Pace All Rounder,Right Hand,Left Arm Fast-Medium,,,,,,
Kalyani Priyadarshan,Pace All Rounder,Right Hand,Right Arm Fast-Medium,,,,,,
Kushita Kallapu,Pace All Rounder,Right Hand,Right Arm Fast-Medium,,,,,,
Malvika Nair,Pace All Rounder,Right Hand,Right Arm Medium,,,,,,
Meghana Raj,Pace All Rounder,Right Hand,Right Arm Medium,,,,,,
Misha Narang,Pace All Rounder,Right Hand,Right Arm Fast-Medium,,,,,,
Nisha Aggarwal,Pace All Rounder,Right Hand,Right Arm Fast,,,,,,
Nivedya Sankar,Pace All Rounder,Right Hand,Left Arm Medium-Fast,,,,,,
Nivisha Kingkon,Pace All Rounder,Left Hand,Left Arm Fast-Medium,,,,,,
Piaa Bajpiee,Pace All Rounder,Right Hand,Left Arm Medium-Fast,,,,,,
Pooja Hegde,Pace All Rounder,Right Hand,Right Arm Medium-Fast,,,,,,
Poonam Bajwa,Pace All Rounder,Left Hand,Left Arm Fast,,,,,,
Pragya Jaiswal,Pace All Rounder,Right Hand,Left Arm Fast,,,,,,
Pranitha Subhash,Pace All Rounder,Right Hand,Left Arm Fast-Medium,,,,,,
Priya Krishnan,Pace All Rounder,Right Hand,Right Arm Medium-Fast,,,,,,
Ritika Singh,Pace All Rounder,Right Hand,Left Arm Medium-Fast,,,,,,
Riya Shibu,Pace All Rounder,Left Hand,Right Arm Fast-Medium,,,,,,
Rupa Manjari,Pace All Rounder,Right Hand,Left Arm Fast-Medium,,,,,,
Sadha,Pace All Rounder,Right Hand,Left Arm Medium-Fast,,,,,,
Sakshi Agarwal,Pace All Rounder,Right Hand,Left Arm Medium,,,,,,
Sarah-Jane Dias,Pace All Rounder,Right Hand,Left Arm Fast-Medium,,,,,,
Sayyeshaa Saigal,Pace All Rounder,Right Hand,Right Arm Medium-Fast,,,,,,
Shivani Narayanan,Pace All Rounder,Right Hand,Left Arm Fast-Medium,,,,,,
Shruthi Ramakrishna,Pace All Rounder,Left Hand,Left Arm Medium-Fast,,,,,,
Shruti Haasan,Pace All Rounder,Right Hand,Right Arm Medium,,,,,,
Shrutika Arjun,Pace All Rounder,Right Hand,Right Arm Medium,,,,,,
Sridevi Vijayakumar,Pace All Rounder,Right Hand,Left Arm Fast-Medium,,,,,,
Sunita Gogoi,Pace All Rounder,Right Hand,Right Arm Medium,,,,,,
Sunitha Srinivasan,Pace All Rounder,Right Hand,Right Arm Fast-Medium,,,,,,
Tejaswi Madivada,Pace All Rounder,Right Hand,Right Arm Medium-Fast,,,,,,
Vasundhara Kashyap,Pace All Rounder,Left Hand,Right Arm Fast-Medium,,,,,,
Aditi Rao Hydari,Spin All Rounder,Right Hand,Right Arm Offspin,,,,,,
Aishwarya Devan,Spin All Rounder,Left Hand,Right Arm Legspin,,,,,,
Aishwarya Dutta,Spin All Rounder,Left Hand,Slow Left Arm Chinaman,,,,,,
Amrutha Iyengar,Spin All Rounder,Right Hand,Right Arm Offspin,,,,,,
Anagha,Spin All Rounder,Right Hand,Right Arm Offspin,,,,,,
Anandhi,Spin All Rounder,Left Hand,Slow Left Arm Chinaman,,,,,,
Ashika Ranganath,Spin All Rounder,Right Hand,Right Arm Offspin,,,,,,
Brinda Acharya,Spin All Rounder,Left Hand,Slow Left Arm Orthodox,,,,,,
Chandhini Prakash,Spin All Rounder,Right Hand,Right Arm Offspin,,,,,,
Chandini Chowdary,Spin All Rounder,Right Hand,Right Arm Legspin,,,,,,
Delna Davis,Spin All Rounder,Left Hand,Slow Left Arm Orthodox,,,,,,
Dharshna Sripal,Spin All Rounder,Right Hand,Right Arm Offspin,,,,,,
Gayathri Arun,Spin All Rounder,Right Hand,Right Arm Offspin,,,,,,
Hansika Motwani,Spin All Rounder,Left Hand,Slow Left Arm Chinaman,,,,,,
Jannat Zubair,Spin All Rounder,Left Hand,Slow Left Arm Chinaman,,,,,,
Kajal Aggarwal,Spin All Rounder,Right Hand,Right Arm Legspin,,,,,,
Kalpika Ganesh,Spin All Rounder,Right Hand,Right Arm Offspin,,,,,,
Kavya Kalyanram,Spin All Rounder,Left Hand,Slow Left Arm Chinaman,,,,,,
Laila Mehdi,Spin All Rounder,Right Hand,Right Arm Offspin,,,,,,
Laxmi Raai,Spin All Rounder,Right Hand,Right Arm Offspin,,,,,,
Malavika Manoj,Spin All Rounder,Left Hand,Slow Left Arm Orthodox,,,,,,
Manya Mallika,Spin All Rounder,Right Hand,Right Arm Legspin,,,,,,
Megha Shetty,Spin All Rounder,Right Hand,Right Arm Legspin,,,,,,
Nayanthara Chakravarthy,Spin All Rounder,Right Hand,Right Arm Legspin,,,,,,
Nithya Ram,Spin All Rounder,Right Hand,Right Arm Offspin,,,,,,
Padmapriya Janakiraman,Spin All Rounder,Right Hand,Right Arm Offspin,,,,,,
Priya Vadlamani,Spin All Rounder,Left Hand,Right Arm Legspin,,,,,,
Rajisha Vijayan,Spin All Rounder,Right Hand,Right Arm Offspin,,,,,,
Rashmi Gautam,Spin All Rounder,Left Hand,Slow Left Arm Orthodox,,,,,,
Reshma Pasupuleti,Spin All Rounder,Left Hand,Slow Left Arm Chinaman,,,,,,
Riya Thiyagarajan,Spin All Rounder,Right Hand,Right Arm Legspin,,,,,,
Sakshi Vaidya,Spin All Rounder,Right Hand,Right Arm Legspin,,,,,,
Sameera Reddy,Spin All Rounder,Left Hand,Slow Left Arm Orthodox,,,,,,
Samyuktha Hegde,Spin All Rounder,Right Hand,Right Arm Offspin,,,,,,
Samyuktha Viswanathan,Spin All Rounder,Left Hand,Slow Left Arm Chinaman,,,,,,
Sana Althaf,Spin All Rounder,Left Hand,Slow Left Arm Orthodox,,,,,,
Sanjana Sarathy,Spin All Rounder,Left Hand,Slow Left Arm Orthodox,,,,,,
Sherin Shringar,Spin All Rounder,Right Hand,Right Arm Legspin,,,,,,
Soundariya Nanjundan,Spin All Rounder,Right Hand,Right Arm Offspin,,,,,,
Sridevi Ashok,Spin All Rounder,Left Hand,Slow Left Arm Orthodox,,,,,,
Sriya Reddy,Spin All Rounder,Left Hand,Slow Left Arm Orthodox,,,,,,
Srushti Dange,Spin All Rounder,Left Hand,Right Arm Offspin,,,,,,
Surabhi Santosh,Spin All Rounder,Left Hand,Slow Left Arm Orthodox,,,,,,
Thapaswini Poonacha,Spin All Rounder,Left Hand,Slow Left Arm Orthodox,,,,,,
Vaishnavi Chaitanya,Spin All Rounder,Right Hand,Right Arm Offspin,,,,,,
Vani Bhojan,Spin All Rounder,Right Hand,Right Arm Legspin,,,,,,
Veena Nandakumar,Spin All Rounder,Right Hand,Right Arm Offspin,,,,,,
Wamiqa Gabbi,Spin All Rounder,Right Hand,Right Arm Offspin,,,,,,
Abeneya Nethran,Spin Bowler,Left Hand,Slow Left Arm Chinaman,,,,,,
Aditi Balan,Spin Bowler,Right Hand,Right Arm Legspin,,,,,,
Aditi Ravi,Spin Bowler,Right Hand,Right Arm Offspin,,,,,,
Akshara Gowda,Spin Bowler,Left Hand,Slow Left Arm Orthodox,,,,,,
Ananthi Iyappan,Spin Bowler,Right Hand,Right Arm Offspin,,,,,,
Anusree Nair,Spin Bowler,Left Hand,Slow Left Arm Orthodox,,,,,,
Aparna Balamurali,Spin Bowler,Left Hand,Slow Left Arm Orthodox,,,,,,
Asin Thottumkal,Spin Bowler,Left Hand,Slow Left Arm Chinaman,,,,,,
Ayesha Khan,Spin Bowler,Left Hand,Slow Left Arm Orthodox,,,,,,
Chitra Shukla,Spin Bowler,Right Hand,Right Arm Offspin,,,,,,
Dhivyadharshini,Spin Bowler,Right Hand,Right Arm Legspin,,,,,,
Divya Spandana,Spin Bowler,Right Hand,Right Arm Offspin,,,,,,
Dushara Vijayan,Spin Bowler,Right Hand,Right Arm Offspin,,,,,,
Eshanya Maheshwari,Spin Bowler,Right Hand,Right Arm Offspin,,,,,,
Gabriella Charlton,Spin Bowler,Left Hand,Slow Left Arm Orthodox,,,,,,
Gauthami Nair,Spin Bowler,Right Hand,Right Arm Offspin,,,,,,
Gehna Sippy,Spin Bowler,Right Hand,Right Arm Offspin,,,,,,
Gopika Anil,Spin Bowler,Right Hand,Right Arm Offspin,,,,,,
Jovika Vijaykumar,Spin Bowler,Right Hand,Right Arm Offspin,,,,,,
Kiara Advani,Spin Bowler,Right Hand,Right Arm Offspin,,,,,,
Lavanya Tripathi,Spin Bowler,Right Hand,Right Arm Offspin,,,,,,
Losliya Mariyanesan,Spin Bowler,Right Hand,Right Arm Legspin,,,,,,
Lovelyn Chandrasekhar,Spin Bowler,Right Hand,Right Arm Legspin,,,,,,
Madhuri Braganza,Spin Bowler,Left Hand,Slow Left Arm Chinaman,,,,,,
Manasa Radhakrishnan,Spin Bowler,Right Hand,Right Arm Offspin,,,,,,
Manimegalai,Spin Bowler,Right Hand,Right Arm Offspin,,,,,,
Mehreen Pirzada,Spin Bowler,Left Hand,Slow Left Arm Chinaman,,,,,,
Milana Nagaraj,Spin Bowler,Right Hand,Right Arm Legspin,,,,,,
Miya George,Spin Bowler,Left Hand,Slow Left Arm Orthodox,,,,,,
Mounika Subramaniyam,Spin Bowler,Left Hand,Slow Left Arm Orthodox,,,,,,
Nabha Natesh,Spin Bowler,Right Hand,Right Arm Legspin,,,,,,
Nanditha Jennifer,Spin Bowler,Right Hand,Right Arm Offspin,,,,,,
Navya Nair,Spin Bowler,Right Hand,Right Arm Legspin,,,,,,
Neelima Rani,Spin Bowler,Right Hand,Right Arm Offspin,,,,,,
Nimisha Sajayan,Spin Bowler,Left Hand,Slow Left Arm Chinaman,,,,,,
Nivetha Thomas,Spin Bowler,Right Hand,Right Arm Offspin,,,,,,
Padine Kumar,Spin Bowler,Left Hand,Slow Left Arm Chinaman,,,,,,
Parvathy Thiruvothu,Spin Bowler,Left Hand,Slow Left Arm Chinaman,,,,,,
Payal Radhakrishna,Spin Bowler,Right Hand,Right Arm Legspin,,,,,,
Preetha Suresh,Spin Bowler,Left Hand,Slow Left Arm Chinaman,,,,,,
Priyanka Nair,Spin Bowler,Left Hand,Slow Left Arm Chinaman,,,,,,
Rithika Tamilselvan,Spin Bowler,Right Hand,Right Arm Offspin,,,,,,
Ritika Nayak,Spin Bowler,Right Hand,Right Arm Offspin,,,,,,
Ritu Varma,Spin Bowler,Left Hand,Slow Left Arm Chinaman,,,,,,
Riythvika Panneerselvam,Spin Bowler,Left Hand,Slow Left Arm Orthodox,,,,,,
Sachana Namidass,Spin Bowler,Right Hand,Right Arm Legspin,,,,,,
Sanchana Natarajan,Spin Bowler,Left Hand,Slow Left Arm Orthodox,,,,,,
Sanjana Krishnamoorthy,Spin Bowler,Right Hand,Right Arm Legspin,,,,,,
Sara Arjun,Spin Bowler,Right Hand,Right Arm Offspin,,,,,,
Shalini Pandey,Spin Bowler,Left Hand,Slow Left Arm Chinaman,,,,,,
Shamna Kasim,Spin Bowler,Left Hand,Slow Left Arm Orthodox,,,,,,
Sheela Rajkumar,Spin Bowler,Right Hand,Right Arm Offspin,,,,,,
Shivathmika Rajashekar,Spin Bowler,Right Hand,Right Arm Legspin,,,,,,
Sivaangi Krishnakumar,Spin Bowler,Left Hand,Slow Left Arm Chinaman,,,,,,
Varsha Sounderajan,Spin Bowler,Right Hand,Right Arm Offspin,,,,,,
Vidisha Srivastava,Spin Bowler,Right Hand,Right Arm Offspin,,,,,,
Abhirami Gopikumar,Pace Bowler,Right Hand,Left Arm Medium-Fast,,,,,,
Aindrita Ray,Pace Bowler,Right Hand,Left Arm Medium-Fast,,,,,,
Aksha Pardasany,Pace Bowler,Right Hand,Left Arm Fast-Medium,,,,,,
Ananya Nagalla,Pace Bowler,Right Hand,Left Arm Medium-Fast,,,,,,
Anaswara Rajan,Pace Bowler,Left Hand,Left Arm Medium-Fast,,,,,,
Angel Mariya,Pace Bowler,Left Hand,Left Arm Fast,,,,,,
Anu Sithara,Pace Bowler,Right Hand,Left Arm Medium-Fast,,,,,,
Anuya Bhagwat,Pace Bowler,Left Hand,Left Arm Medium-Fast,,,,,,
Ariyana Glory,Pace Bowler,Left Hand,Left Arm Medium-Fast,,,,,,
Aruljothi Arockiaraj,Pace Bowler,Right Hand,Left Arm Medium-Fast,,,,,,
Aurora Sinclair,Pace Bowler,Right Hand,Left Arm Fast,,,,,,
Ayesha Zeenath,Pace Bowler,Right Hand,Left Arm Fast,,,,,,
Bhagyashri Borse,Pace Bowler,Right Hand,Left Arm Medium-Fast,,,,,,
Chandini Tamilarasan,Pace Bowler,Left Hand,Left Arm Medium-Fast,,,,,,
Deepthi Sunaina,Pace Bowler,Left Hand,Left Arm Medium-Fast,,,,,,
Devika Sanjay,Pace Bowler,Left Hand,Left Arm Medium-Fast,,,,,,
Divya Ganesan,Pace Bowler,Right Hand,Left Arm Fast-Medium,,,,,,
Ester Noronha,Pace Bowler,Right Hand,Left Arm Medium-Fast,,,,,,
Eva Prakash,Pace Bowler,Left Hand,Left Arm Fast,,,,,,
Farnaz Shetty,Pace Bowler,Right Hand,Left Arm Fast,,,,,,
Gopika Suresh,Pace Bowler,Right Hand,Left Arm Medium-Fast,,,,,,
Hamida Khatoon,Pace Bowler,Right Hand,Left Arm Medium-Fast,,,,,,
Harshika Poonacha,Pace Bowler,Right Hand,Left Arm Medium-Fast,,,,,,
Kavitha Gowda,Pace Bowler,Left Hand,Left Arm Medium-Fast,,,,,,
Keerthi Pandian,Pace Bowler,Left Hand,Left Arm Fast-Medium,,,,,,
Keerthy Suresh,Pace Bowler,Right Hand,Left Arm Fast-Medium,,,,,,
Komalee Prasad,Pace Bowler,Left Hand,Left Arm Medium-Fast,,,,,,
Krithika,Pace Bowler,Left Hand,Left Arm Fast-Medium,,,,,,
Mahima Nambiar,Pace Bowler,Right Hand,Left Arm Medium-Fast,,,,,,
Malavika Menon,Pace Bowler,Right Hand,Left Arm Fast-Medium,,,,,,
Mamta Mohandas,Pace Bowler,Left Hand,Left Arm Fast-Medium,,,,,,
Meera Jasmine,Pace Bowler,Right Hand,Left Arm Medium-Fast,,,,,,
Meera Vasudevan,Pace Bowler,Left Hand,Left Arm Medium-Fast,,,,,,
Mirnalini Ravi,Pace Bowler,Right Hand,Left Arm Fast-Medium,,,,,,
Nayan Sarika,Pace Bowler,Left Hand,Left Arm Medium-Fast,,,,,,
Neetu Chandra,Pace Bowler,Left Hand,Left Arm Medium-Fast,,,,,,
Nivetha Pethuraj,Pace Bowler,Left Hand,Left Arm Fast,,,,,,
Nyla Usha,Pace Bowler,Left Hand,Left Arm Medium-Fast,,,,,,
Preethi Asrani,Pace Bowler,Right Hand,Left Arm Medium-Fast,,,,,,
Pujita Ponnada,Pace Bowler,Left Hand,Left Arm Fast,,,,,,
Ragini Dwivedi,Pace Bowler,Right Hand,Left Arm Fast-Medium,,,,,,
Sai Pallavi,Pace Bowler,Right Hand,Left Arm Fast,,,,,,
Samyuktha Shan,Pace Bowler,Right Hand,Left Arm Fast-Medium,,,,,,
Sanjanaa Singh,Pace Bowler,Right Hand,Left Arm Medium-Fast,,,,,,
Sankavi Rajendran,Pace Bowler,Right Hand,Left Arm Fast,,,,,,
Saranya Turadi,Pace Bowler,Right Hand,Left Arm Fast-Medium,,,,,,
Shruthi Ramachandran,Pace Bowler,Right Hand,Left Arm Fast-Medium,,,,,,
Sravanthi Chokarapu,Pace Bowler,Right Hand,Left Arm Fast,,,,,,
Sruthy Jayan,Pace Bowler,Left Hand,Left Arm Medium-Fast,,,,,,
Sunaina Yella,Pace Bowler,Right Hand,Left Arm Medium-Fast,,,,,,
Suzane George,Pace Bowler,Left Hand,Left Arm Fast-Medium,,,,,,
Tanvi Ram,Pace Bowler,Right Hand,Left Arm Medium-Fast,,,,,,
Tridha Choudhury,Pace Bowler,Right Hand,Left Arm Fast-Medium,,,,,,
Varalaxmi Sarathkumar,Pace Bowler,Right Hand,Left Arm Fast-Medium,,,,,,
Vedhika Kumar,Pace Bowler,Right Hand,Left Arm Fast,,,,,,
Vishnupirya Bhimeneni,Pace Bowler,Right Hand,Left Arm Medium-Fast,,,,,,
Aishwarya Rajesh,Pace Bowler,Right Hand,Right Arm Fast-Medium,,,,,,
Anishma Anilkumar,Pace Bowler,Left Hand,Right Arm Fast-Medium,,,,,,
Anjana Rangan,Pace Bowler,Right Hand,Right Arm Medium-Fast,,,,,,
Anumol,Pace Bowler,Right Hand,Right Arm Medium-Fast,,,,,,
Anupama Parameswaran,Pace Bowler,Right Hand,Right Arm Fast-Medium,,,,,,
Aparna Das,Pace Bowler,Right Hand,Right Arm Fast-Medium,,,,,,
Arthana Binu,Pace Bowler,Right Hand,Right Arm Medium-Fast,,,,,,
Athulya Ravi,Pace Bowler,Right Hand,Right Arm Medium-Fast,,,,,,
Avantika Mohan,Pace Bowler,Right Hand,Right Arm Fast-Medium,,,,,,
Bhumika Chawla,Pace Bowler,Right Hand,Right Arm Medium-Fast,,,,,,
Darshana Rajendran,Pace Bowler,Right Hand,Right Arm Medium-Fast,,,,,,
Deepa Sannidhi,Pace Bowler,Right Hand,Right Arm Medium-Fast,,,,,,
Dimple Hayathi,Pace Bowler,Right Hand,Right Arm Medium-Fast,,,,,,
Disha Patani,Pace Bowler,Right Hand,Right Arm Medium-Fast,,,,,,
Gayathri Yuvaraaj,Pace Bowler,Left Hand,Right Arm Fast,,,,,,
Hansika Krishna,Pace Bowler,Left Hand,Right Arm Fast-Medium,,,,,,
Himaja Mallireddy,Pace Bowler,Right Hand,Right Arm Medium-Fast,,,,,,
Ineya,Pace Bowler,Right Hand,Right Arm Medium-Fast,,,,,,
Jacquline Lydia,Pace Bowler,Right Hand,Right Arm Fast-Medium,,,,,,
Karthika Nair,Pace Bowler,Right Hand,Right Arm Fast,,,,,,
Kashmira Pardeshi,Pace Bowler,Right Hand,Right Arm Fast,,,,,,
Kasthuri Shankar,Pace Bowler,Right Hand,Right Arm Fast-Medium,,,,,,
Kousalya,Pace Bowler,Right Hand,Right Arm Medium-Fast,,,,,,
Kushee Ravi,Pace Bowler,Right Hand,Right Arm Fast-Medium,,,,,,
Lekha Washington,Pace Bowler,Right Hand,Right Arm Fast-Medium,,,,,,
Malvika Sharma,Pace Bowler,Right Hand,Right Arm Medium-Fast,,,,,,
Mamitha Baiju,Pace Bowler,Right Hand,Right Arm Fast,,,,,,
Manasa Varanssi,Pace Bowler,Left Hand,Right Arm Fast,,,,,,
Manaswini K Ram,Pace Bowler,Right Hand,Right Arm Fast-Medium,,,,,,
Manjima Mohan,Pace Bowler,Right Hand,Right Arm Fast-Medium,,,,,,
Manju Warrier,Pace Bowler,Right Hand,Right Arm Fast-Medium,,,,,,
Mirna Menon,Pace Bowler,Right Hand,Right Arm Medium-Fast,,,,,,
Mishti Chakraborty,Pace Bowler,Left Hand,Right Arm Fast,,,,,,
Mrunal Thakur,Pace Bowler,Right Hand,Right Arm Fast-Medium,,,,,,
Namitha Pramod,Pace Bowler,Right Hand,Right Arm Medium-Fast,,,,,,
Nandita Sweta,Pace Bowler,Right Hand,Right Arm Medium-Fast,,,,,,
Pattathil Nanditha Menon,Pace Bowler,Right Hand,Right Arm Medium-Fast,,,,,,
Pooja Ramachandran,Pace Bowler,Left Hand,Right Arm Fast-Medium,,,,,,
Pranavi Manukonda,Pace Bowler,Right Hand,Right Arm Medium-Fast,,,,,,
Preity Mukhundhan,Pace Bowler,Right Hand,Right Arm Medium-Fast,,,,,,
Priya Anand,Pace Bowler,Right Hand,Right Arm Fast,,,,,,
Priya Bhavani Shankar,Pace Bowler,Right Hand,Right Arm Fast-Medium,,,,,,
Priya Prakash Varrier,Pace Bowler,Right Hand,Right Arm Fast,,,,,,
Priyanka Nalkari,Pace Bowler,Left Hand,Right Arm Fast,,,,,,
Regina Cassandra,Pace Bowler,Right Hand,Right Arm Medium-Fast,,,,,,
Riddhi Kumar,Pace Bowler,Right Hand,Right Arm Medium-Fast,,,,,,
Riya Suman,Pace Bowler,Right Hand,Right Arm Fast,,,,,,
Roshni Prakash,Pace Bowler,Right Hand,Right Arm Fast,,,,,,
Sai Dhanshika,Pace Bowler,Right Hand,Right Arm Medium-Fast,,,,,,
Saniya Iyappan,Pace Bowler,Right Hand,Right Arm Fast,,,,,,
Sanjanaa Galrani,Pace Bowler,Right Hand,Right Arm Medium-Fast,,,,,,
Shanvi Srivastava,Pace Bowler,Right Hand,Right Arm Fast,,,,,,
Shivani Rajashekar,Pace Bowler,Right Hand,Right Arm Medium-Fast,,,,,,
Shraddha Das,Pace Bowler,Right Hand,Right Arm Medium-Fast,,,,,,
Shraddha Srinath,Pace Bowler,Right Hand,Right Arm Medium-Fast,,,,,,
Siri Hanumanth,Pace Bowler,Right Hand,Right Arm Medium-Fast,,,,,,
Sonakshi Sinha,Pace Bowler,Right Hand,Right Arm Fast,,,,,,
Sri Gouri Priya,Pace Bowler,Left Hand,Right Arm Fast,,,,,,
Srithika,Pace Bowler,Right Hand,Right Arm Medium-Fast,,,,,,
Subiksha Kayarohanam,Pace Bowler,Left Hand,Right Arm Fast,,,,,,
Sundari Divyaa,Pace Bowler,Right Hand,Right Arm Medium-Fast,,,,,,
Tanya Hope,Pace Bowler,Right Hand,Right Arm Fast-Medium,,,,,,
Vaishali Thaniga,Pace Bowler,Left Hand,Right Arm Fast-Medium,,,,,,
Varsha Bollamma,Pace Bowler,Left Hand,Right Arm Fast,,,,,,
Varshini Venkat,Pace Bowler,Right Hand,Right Arm Fast-Medium,,,,,,
Vidyullekha Raman,Pace Bowler,Right Hand,Right Arm Medium-Fast,,,,,,
Viyana,Pace Bowler,Right Hand,Right Arm Medium-Fast,,,,,,
Zaara Vineet,Pace Bowler,Right Hand,Right Arm Fast,,,,,,