Name,Role,Batting,Bowling,Technique,Timing,Aggression,Movement,Accuracy,Fielding,Team
Abyukta Manikandan,Opening Batter,Left Hand,Slow Left Arm Chinaman,80,80,78,55,55,75,Okkali Outriders
Adah Sharma,Opening Batter,Right Hand,Left Arm Fast-Medium,80,80,78,55,55,75,Poolu Poachers
Aditi Prabhudeva,Opening Batter,Left Hand,Left Arm Fast,80,80,78,55,55,75,Punda Prowlers
Ahaana Krishna,Opening Batter,Right Hand,Right Arm Offspin,80,80,78,55,55,75,Modda Munchers
Amala Shaji,Opening Batter,Right Hand,Right Arm Medium-Fast,80,80,78,55,55,75,Bhosadi Blasters
Anitha Sampath,Opening Batter,Right Hand,Right Arm Fast,80,80,78,55,55,75,Modda Munchers
Anna Ben,Opening Batter,Right Hand,Right Arm Fast-Medium,80,80,78,55,55,75,Modda Munchers
Anna Rajan,Opening Batter,Right Hand,Right Arm Fast-Medium,80,80,78,55,55,75,Thevidiya Thunders
Anukreethy Vas,Opening Batter,Right Hand,Right Arm Medium-Fast,80,80,78,55,55,75,Koodhi Kweens
Archana Chandhoke,Opening Batter,Right Hand,Right Arm Offspin,80,80,78,55,55,75,Punda Prowlers
Ashna Zaveri,Opening Batter,Right Hand,Left Arm Fast-Medium,80,80,78,55,55,75,Myru Masters
Bhavani Sre,Opening Batter,Right Hand,Left Arm Fast,80,80,78,55,55,75,Okkali Outriders
Bindu Madhavi,Opening Batter,Right Hand,Right Arm Fast-Medium,80,80,78,55,55,75,Pooku Pookies
Catherine Tresa,Opening Batter,Left Hand,Left Arm Medium,80,80,78,55,55,75,Chutiya Champions
Chaitra Reddy,Opening Batter,Right Hand,Right Arm Medium-Fast,80,80,78,55,55,75,Chutiya Champions
Divi Vadthya,Opening Batter,Right Hand,Right Arm Medium,80,80,78,55,55,75,Thevidiya Thunders
Divya Duraisamy,Opening Batter,Right Hand,Right Arm Offspin,80,80,78,55,55,75,Thevidiya Thunders
Faria Abdullah,Opening Batter,Left Hand,Slow Left Arm Chinaman,80,80,78,55,55,75,Poolu Poachers
Honey Rose,Opening Batter,Right Hand,Right Arm Fast-Medium,80,80,78,55,55,75,Lund Lovers
Iswarya Menon,Opening Batter,Right Hand,Right Arm Fast-Medium,80,80,78,55,55,75,Poolu Poachers
Ivana,Opening Batter,Right Hand,Right Arm Fast,80,80,78,55,55,75,Lanja Lionesses
Janani Ashok Kumar,Opening Batter,Left Hand,Slow Left Arm Chinaman,80,80,78,55,55,75,Ommala Omegas
Juhi Rustagi,Opening Batter,Left Hand,Slow Left Arm Chinaman,80,80,78,55,55,75,Koodhi Kweens
Kaavya Arivumani,Opening Batter,Right Hand,Right Arm Medium,80,80,78,55,55,75,Soole Strikers
Kamalinee Mukherji,Opening Batter,Left Hand,Slow Left Arm Chinaman,80,80,78,55,55,75,Kundi Klappers
Kavya Thapar,Opening Batter,Right Hand,Right Arm Medium,80,80,78,55,55,75,Sunni Suckers
Ketika Sharma,Opening Batter,Right Hand,Right Arm Offspin,80,80,78,55,55,75,Sunni Suckers
Lakshmi Menon,Opening Batter,Right Hand,Right Arm Offspin,80,80,78,55,55,75,Poolu Poachers
Luthufunnissa,Opening Batter,Left Hand,Left Arm Medium-Fast,80,80,78,55,55,75,Soothu Stingers
Malavika Sreenath,Opening Batter,Right Hand,Right Arm Medium,80,80,78,55,55,75,Pooku Pookies
Meenakshi Dinesh,Opening Batter,Right Hand,Right Arm Fast,80,80,78,55,55,75,Myru Masters
Meenakshi Raveendran,Opening Batter,Right Hand,Right Arm Offspin,80,80,78,55,55,75,Ommala Omegas
Meera Mithun,Opening Batter,Left Hand,Left Arm Fast,80,80,78,55,55,75,Okkali Outriders
Misha Ghoshal,Opening Batter,Right Hand,Right Arm Offspin,80,80,78,55,55,75,Soole Strikers
Monisha Blessy,Opening Batter,Right Hand,Right Arm Offspin,80,80,78,55,55,75,Modda Munchers
Nainita Maria,Opening Batter,Right Hand,Left Arm Medium,80,80,78,55,55,75,Sunni Suckers
Nayani Pavani,Opening Batter,Left Hand,Right Arm Fast,80,80,78,55,55,75,Denge Dashers
Nidhhi Agerwal,Opening Batter,Right Hand,Left Arm Medium-Fast,80,80,78,55,55,75,Thevidiya Thunders
Nikesha Patel,Opening Batter,Right Hand,Right Arm Legspin,80,80,78,55,55,75,Punda Prowlers
Nikhila Vimal,Opening Batter,Right Hand,Right Arm Fast,80,80,78,55,55,75,Kundi Klappers
Pavani Reddy,Opening Batter,Right Hand,Right Arm Medium,80,80,78,55,55,75,Chutiya Champions
Pavithra Lakshmi,Opening Batter,Left Hand,Right Arm Fast,80,80,78,55,55,75,Thayoli Trackers
Pragya Nagra,Opening Batter,Right Hand,Right Arm Medium,80,80,78,55,55,75,Ommala Omegas
Prayaga Martin,Opening Batter,Right Hand,Right Arm Legspin,80,80,78,55,55,75,Soothu Stingers
Priyamani,Opening Batter,Left Hand,Left Arm Medium-Fast,80,80,78,55,55,75,Sunni Suckers
Priyanka Mohan,Opening Batter,Right Hand,Right Arm Fast-Medium,80,80,78,55,55,75,Thayoli Trackers
Radhika Apte,Opening Batter,Right Hand,Right Arm Legspin,80,80,78,55,55,75,Randi Ryders
Radhika Preeti,Opening Batter,Right Hand,Right Arm Medium-Fast,80,80,78,55,55,75,Kundi Klappers
Rashi Singh,Opening Batter,Right Hand,Right Arm Medium-Fast,80,80,78,55,55,75,Punda Prowlers
Reba Monica John,Opening Batter,Right Hand,Left Arm Medium,80,80,78,55,55,75,Koodhi Kweens
Rima Kallingal,Opening Batter,Right Hand,Left Arm Fast-Medium,80,80,78,55,55,75,Bhosadi Blasters
Samyuktha Menon,Opening Batter,Right Hand,Right Arm Medium-Fast,80,80,78,55,55,75,Thayoli Trackers
Sanchita Shetty,Opening Batter,Left Hand,Left Arm Fast,80,80,78,55,55,75,Thayoli Trackers
Saranya Mohan,Opening Batter,Left Hand,Right Arm Fast-Medium,80,80,78,55,55,75,Chutiya Champions
Satna Titus,Opening Batter,Right Hand,Right Arm Offspin,80,80,78,55,55,75,Denge Dashers
Shriya Saran,Opening Batter,Right Hand,Right Arm Fast-Medium,80,80,78,55,55,75,Soole Strikers
Sindhu Menon,Opening Batter,Right Hand,Right Arm Fast,80,80,78,55,55,75,Myru Masters
Sobhita Dhulipala,Opening Batter,Right Hand,Right Arm Fast,80,80,78,55,55,75,Ommala Omegas
Sree Leela,Opening Batter,Right Hand,Right Arm Fast,80,80,78,55,55,75,Soothu Stingers
Sreethu Krishnan,Opening Batter,Left Hand,Slow Left Arm Chinaman,80,80,78,55,55,75,Okkali Outriders
Sruthi Hariharan,Opening Batter,Left Hand,Left Arm Fast,80,80,78,55,55,75,Bhosadi Blasters
Sujitha Dhanush,Opening Batter,Right Hand,Right Arm Fast,80,80,78,55,55,75,Pooku Pookies
Surekha Vani,Opening Batter,Right Hand,Right Arm Fast-Medium,80,80,78,55,55,75,Lanja Lionesses
Suruthi Periyasamy,Opening Batter,Right Hand,Right Arm Legspin,80,80,78,55,55,75,Koodhi Kweens
Swathi Reddy,Opening Batter,Right Hand,Right Arm Fast,80,80,78,55,55,75,Randi Ryders
Tamannaah Bhatia,Opening Batter,Right Hand,Right Arm Medium-Fast,80,80,78,55,55,75,Lund Lovers
Tejaswini Gowda,Opening Batter,Right Hand,Right Arm Legspin,80,80,78,55,55,75,Bhosadi Blasters
Trisha Krishnan,Opening Batter,Left Hand,Left Arm Fast-Medium,80,80,78,55,55,75,Lanja Lionesses
Vaishnavi Arulmozhi,Opening Batter,Right Hand,Right Arm Offspin,80,80,78,55,55,75,Randi Ryders
Yami Gautam,Opening Batter,Right Hand,Left Arm Fast,80,80,78,55,55,75,Denge Dashers
Yashika Aannand,Opening Batter,Right Hand,Right Arm Offspin,80,80,78,55,55,75,Lund Lovers
Aathmika,Top Order Batter,Left Hand,Right Arm Fast,80,80,78,55,55,75,Randi Ryders
Abhinaya,Top Order Batter,Right Hand,Right Arm Offspin,80,80,78,55,55,75,Poolu Poachers
Akshaya Udayakumar,Top Order Batter,Right Hand,Right Arm Medium,80,80,78,55,55,75,Ommala Omegas
Ammu Abhirami,Top Order Batter,Left Hand,Slow Left Arm Orthodox,80,80,78,55,55,75,Soole Strikers
Amritha Aiyer,Top Order Batter,Right Hand,Right Arm Medium-Fast,80,80,78,55,55,75,Bhosadi Blasters
Amrutha Srinivasan,Top Order Batter,Right Hand,Left Arm Medium-Fast,80,80,78,55,55,75,Myru Masters
Anaika Soti,Top Order Batter,Right Hand,Right Arm Fast-Medium,80,80,78,55,55,75,Lanja Lionesses
Andrea Jeremiah,Top Order Batter,Left Hand,Left Arm Medium-Fast,80,80,78,55,55,75,Bhosadi Blasters
Anikha Surendran,Top Order Batter,Right Hand,Left Arm Fast,80,80,78,55,55,75,Lanja Lionesses
Anjali Nair,Top Order Batter,Left Hand,Left Arm Fast,80,80,78,55,55,75,Kundi Klappers
Anushka Shetty,Top Order Batter,Left Hand,Left Arm Fast-Medium,80,80,78,55,55,75,Lund Lovers
Archana Unnikrishnan,Top Order Batter,Right Hand,Right Arm Medium-Fast,80,80,78,55,55,75,Soothu Stingers
Bhavana Menon,Top Order Batter,Right Hand,Left Arm Fast-Medium,80,80,78,55,55,75,Myru Masters
Deepa Balu,Top Order Batter,Left Hand,Right Arm Fast-Medium,80,80,78,55,55,75,Denge Dashers
Eesha Rebba,Top Order Batter,Right Hand,Left Arm Medium,80,80,78,55,55,75,Lanja Lionesses
Esther Anil,Top Order Batter,Right Hand,Right Arm Medium-Fast,80,80,78,55,55,75,Modda Munchers
Gopika Ramesh,Top Order Batter,Right Hand,Right Arm Offspin,80,80,78,55,55,75,Pooku Pookies
Indhuja Ravichandran,Top Order Batter,Right Hand,Right Arm Offspin,80,80,78,55,55,75,Pooku Pookies
Isha Talwar,Top Order Batter,Right Hand,Right Arm Fast-Medium,80,80,78,55,55,75,Thayoli Trackers
Ishani Krishna,Top Order Batter,Right Hand,Right Arm Medium-Fast,80,80,78,55,55,75,Thevidiya Thunders
Janhvi Kapoor,Top Order Batter,Right Hand,Right Arm Legspin,80,80,78,55,55,75,Sunni Suckers
Kavipriya Jayavel,Top Order Batter,Right Hand,Left Arm Fast,80,80,78,55,55,75,Punda Prowlers
Leona Lishoy,Top Order Batter,Left Hand,Left Arm Fast,80,80,78,55,55,75,Modda Munchers
Mamtha Mohandas,Top Order Batter,Right Hand,Right Arm Offspin,80,80,78,55,55,75,Randi Ryders
Meenakshi Anoop,Top Order Batter,Left Hand,Left Arm Medium,80,80,78,55,55,75,Kundi Klappers
Meenakshi Dileep,Top Order Batter,Left Hand,Slow Left Arm Orthodox,80,80,78,55,55,75,Ommala Omegas
Meenakshi Unnikrishnan,Top Order Batter,Right Hand,Right Arm Fast-Medium,80,80,78,55,55,75,Pooku Pookies
Mokksha Sengupta,Top Order Batter,Right Hand,Right Arm Medium,80,80,78,55,55,75,Koodhi Kweens
Nakshatra Nagesh,Top Order Batter,Right Hand,Right Arm Offspin,80,80,78,55,55,75,Denge Dashers
Oviya Helen,Top Order Batter,Right Hand,Left Arm Fast-Medium,80,80,78,55,55,75,Lanja Lionesses
Pavithra Janani,Top Order Batter,Left Hand,Left Arm Medium-Fast,80,80,78,55,55,75,Sunni Suckers
Payal Rajput,Top Order Batter,Left Hand,Left Arm Medium-Fast,80,80,78,55,55,75,Kundi Klappers
Pooja Jhaveri,Top Order Batter,Left Hand,Left Arm Medium,80,80,78,55,55,75,Okkali Outriders
Poornima Ravi,Top Order Batter,Left Hand,Slow Left Arm Orthodox,80,80,78,55,55,75,Myru Masters
Priyanka Deshpande,Top Order Batter,Left Hand,Left Arm Medium-Fast,80,80,78,55,55,75,Thayoli Trackers
Raashi Khanna,Top Order Batter,Right Hand,Right Arm Legspin,80,80,78,55,55,75,Lund Lovers
Rabiya Khatoon,Top Order Batter,Right Hand,Left Arm Medium-Fast,80,80,78,55,55,75,Soole Strikers
Rachita Ram,Top Order Batter,Left Hand,Right Arm Fast-Medium,80,80,78,55,55,75,Bhosadi Blasters
Rashmika Mandanna,Top Order Batter,Left Hand,Right Arm Fast-Medium,80,80,78,55,55,75,Chutiya Champions
Salma Arun,Top Order Batter,Right Hand,Right Arm Medium,80,80,78,55,55,75,Poolu Poachers
Sanam Shetty,Top Order Batter,Left Hand,Slow Left Arm Orthodox,80,80,78,55,55,75,Soothu Stingers
Siddhi Idnani,Top Order Batter,Left Hand,Left Arm Fast-Medium,80,80,78,55,55,75,Lund Lovers
Sija Rose,Top Order Batter,Right Hand,Right Arm Fast,80,80,78,55,55,75,Okkali Outriders
Sneha Prasanna,Top Order Batter,Right Hand,Right Arm Offspin,80,80,78,55,55,75,Denge Dashers
Srinda,Top Order Batter,Left Hand,Slow Left Arm Chinaman,80,80,78,55,55,75,Thevidiya Thunders
Sshivada,Top Order Batter,Left Hand,Slow Left Arm Chinaman,80,80,78,55,55,75,Thayoli Trackers
Taapsee Pannu,Top Order Batter,Left Hand,Slow Left Arm Chinaman,80,80,78,55,55,75,Punda Prowlers
Teju Ashwini,Top Order Batter,Right Hand,Left Arm Medium-Fast,80,80,78,55,55,75,Soole Strikers
Varsha Viswanath,Top Order Batter,Left Hand,Right Arm Fast,80,80,78,55,55,75,Soothu Stingers
Vidhya Pradeep,Top Order Batter,Right Hand,Right Arm Fast-Medium,80,80,78,55,55,75,Koodhi Kweens
Vinusha Devi,Top Order Batter,Right Hand,Right Arm Offspin,80,80,78,55,55,75,Chutiya Champions
Vishnupriya Pillai,Top Order Batter,Right Hand,Right Arm Fast-Medium,80,80,78,55,55,75,Randi Ryders
Aditi Shankar,Middle Order Batter,Right Hand,Right Arm Fast-Medium,80,80,78,55,55,75,Soothu Stingers
Alya Manasa,Middle Order Batter,Left Hand,Left Arm Medium,80,80,78,55,55,75,Poolu Poachers
Ananthika Sanilkumar,Middle Order Batter,Right Hand,Right Arm Fast,80,80,78,55,55,75,Soothu Stingers
Ananya Gopalakrishnan,Middle Order Batter,Right Hand,Right Arm Medium-Fast,80,80,78,55,55,75,Denge Dashers
Anasuya Bharadwaj,Middle Order Batter,Left Hand,Left Arm Fast-Medium,80,80,78,55,55,75,Kundi Klappers
Anchal Singh,Middle Order Batter,Right Hand,Right Arm Fast,80,80,78,55,55,75,Ommala Omegas
Anjali,Middle Order Batter,Left Hand,Slow Left Arm Orthodox,80,80,78,55,55,75,Pooku Pookies
Asha Gowda,Middle Order Batter,Right Hand,Right Arm Fast-Medium,80,80,78,55,55,75,Myru Masters
Bhavana Balakrishnan,Middle Order Batter,Right Hand,Right Arm Medium,80,80,78,55,55,75,Thevidiya Thunders
Deepthi Nambiar,Middle Order Batter,Right Hand,Right Arm Fast-Medium,80,80,78,55,55,75,Lund Lovers
Dhanya Pallath,Middle Order Batter,Right Hand,Left Arm Fast,80,80,78,55,55,75,Soothu Stingers
Dharsha Gupta,Middle Order Batter,Right Hand,Left Arm Medium,80,80,78,55,55,75,Poolu Poachers
Divya Bharathi,Middle Order Batter,Right Hand,Right Arm Fast,80,80,78,55,55,75,Lund Lovers
Divya Pillai,Middle Order Batter,Right Hand,Left Arm Fast-Medium,80,80,78,55,55,75,Chutiya Champions
Genelia D'Souza,Middle Order Batter,Left Hand,Left Arm Medium,80,80,78,55,55,75,Pooku Pookies
Gouri Kishan,Middle Order Batter,Right Hand,Right Arm Offspin,80,80,78,55,55,75,Koodhi Kweens
Grace Antony,Middle Order Batter,Left Hand,Slow Left Arm Chinaman,80,80,78,55,55,75,Okkali Outriders
Hebah Patel,Middle Order Batter,Right Hand,Left Arm Medium-Fast,80,80,78,55,55,75,Soole Strikers
Jyotika Saravanan,Middle Order Batter,Right Hand,Right Arm Medium-Fast,80,80,78,55,55,75,Kundi Klappers
Kanmani Manoharan,Middle Order Batter,Right Hand,Right Arm Medium,80,80,78,55,55,75,Punda Prowlers
Kavya Madhavan,Middle Order Batter,Left Hand,Right Arm Fast-Medium,80,80,78,55,55,75,Bhosadi Blasters
Kayadu Lohar,Middle Order Batter,Right Hand,Right Arm Legspin,80,80,78,55,55,75,Thayoli Trackers
Krithika Annamalai,Middle Order Batter,Left Hand,Slow Left Arm Orthodox,80,80,78,55,55,75,Thevidiya Thunders
Kriti Sanon,Middle Order Batter,Right Hand,Right Arm Fast,80,80,78,55,55,75,Lund Lovers
Lijomol Jose,Middle Order Batter,Right Hand,Left Arm Fast-Medium,80,80,78,55,55,75,Denge Dashers
Madhu Shalini,Middle Order Batter,Left Hand,Slow Left Arm Orthodox,80,80,78,55,55,75,Lanja Lionesses
Madhumitha,Middle Order Batter,Left Hand,Left Arm Fast,80,80,78,55,55,75,Koodhi Kweens
Maheshwari Chanakyan,Middle Order Batter,Right Hand,Right Arm Legspin,80,80,78,55,55,75,Soole Strikers
Malavika Mohanan,Middle Order Batter,Right Hand,Right Arm Fast-Medium,80,80,78,55,55,75,Kundi Klappers
Maya Sundarakrishnan,Middle Order Batter,Right Hand,Left Arm Medium-Fast,80,80,78,55,55,75,Randi Ryders
Meenakshi Chaudhary,Middle Order Batter,Right Hand,Right Arm Medium,80,80,78,55,55,75,Soole Strikers
Megha Akash,Middle Order Batter,Right Hand,Right Arm Offspin,80,80,78,55,55,75,Sunni Suckers
Nandana Varma,Middle Order Batter,Right Hand,Left Arm Fast-Medium,80,80,78,55,55,75,Bhosadi Blasters
Nayanthara Kurian,Middle Order Batter,Right Hand,Right Arm Legspin,80,80,78,55,55,75,Poolu Poachers
Nazriya Nazim,Middle Order Batter,Right Hand,Left Arm Fast-Medium,80,80,78,55,55,75,Okkali Outriders
Niharika Konidela,Middle Order Batter,Right Hand,Right Arm Legspin,80,80,78,55,55,75,Lanja Lionesses
Nikki Galrani,Middle Order Batter,Right Hand,Right Arm Offspin,80,80,78,55,55,75,Koodhi Kweens
Nithya Menen,Middle Order Batter,Right Hand,Left Arm Fast-Medium,80,80,78,55,55,75,Pooku Pookies
Palak Lalwani,Middle Order Batter,Right Hand,Right Arm Medium-Fast,80,80,78,55,55,75,Chutiya Champions
Pragya Nayan,Middle Order Batter,Left Hand,Left Arm Fast-Medium,80,80,78,55,55,75,Koodhi Kweens
Pratibha,Middle Order Batter,Left Hand,Right Arm Fast,80,80,78,55,55,75,Randi Ryders
Rachitha Mahalakshmi,Middle Order Batter,Left Hand,Left Arm Fast,80,80,78,55,55,75,Punda Prowlers
Raiza Wilson,Middle Order Batter,Right Hand,Left Arm Fast-Medium,80,80,78,55,55,75,Modda Munchers
Ramya Pandian,Middle Order Batter,Left Hand,Left Arm Medium-Fast,80,80,78,55,55,75,Myru Masters
Raveena Ravi,Middle Order Batter,Right Hand,Left Arm Medium-Fast,80,80,78,55,55,75,Pooku Pookies
Remya Nambeesan,Middle Order Batter,Right Hand,Right Arm Legspin,80,80,78,55,55,75,Thayoli Trackers
Rhema Ashok,Middle Order Batter,Right Hand,Right Arm Fast-Medium,80,80,78,55,55,75,Chutiya Champions
Rukmini Vasanth,Middle Order Batter,Right Hand,Right Arm Medium,80,80,78,55,55,75,Thevidiya Thunders
Saanve Megghana,Middle Order Batter,Right Hand,Right Arm Medium,80,80,78,55,55,75,Denge Dashers
Sandhya,Middle Order Batter,Right Hand,Right Arm Offspin,80,80,78,55,55,75,Punda Prowlers
Sanjana Anand,Middle Order Batter,Left Hand,Left Arm Fast-Medium,80,80,78,55,55,75,Modda Munchers
Shabana Shajahan Aryan,Middle Order Batter,Right Hand,Left Arm Fast-Medium,80,80,78,55,55,75,Myru Masters
Smruthi Venkat,Middle Order Batter,Right Hand,Right Arm Fast-Medium,80,80,78,55,55,75,Okkali Outriders
Sneha Babu,Middle Order Batter,Right Hand,Left Arm Medium,80,80,78,55,55,75,Ommala Omegas
Sonia Deepthi,Middle Order Batter,Left Hand,Slow Left Arm Orthodox,80,80,78,55,55,75,Sunni Suckers
Sreemukhi Rathod,Middle Order Batter,Right Hand,Left Arm Medium,80,80,78,55,55,75,Modda Munchers
Sruthi Raj,Middle Order Batter,Right Hand,Left Arm Medium-Fast,80,80,78,55,55,75,Sunni Suckers
Suja Varunee,Middle Order Batter,Left Hand,Left Arm Fast-Medium,80,80,78,55,55,75,Modda Munchers
Vijayalakshmi Feroz,Middle Order Batter,Left Hand,Right Arm Fast-Medium,80,80,78,55,55,75,Soothu Stingers
Yogalakshmi,Middle Order Batter,Right Hand,Right Arm Offspin,80,80,78,55,55,75,Ommala Omegas
Zayn Marie Khan,Middle Order Batter,Right Hand,Left Arm Fast,80,80,78,55,55,75,Randi Ryders
Abhirami Venkatachalam,Opening Keeper-Batter,Left Hand,,82,81,76,,,88,Thayoli Trackers
Abi Nakshatra,Opening Keeper-Batter,Right Hand,,82,81,76,,,88,Thayoli Trackers
Anjena Kirti,Top Order Keeper-Batter,Left Hand,,82,81,76,,,88,Chutiya Champions
Ann Augustine,Opening Keeper-Batter,Right Hand,,82,81,76,,,88,Sunni Suckers
Archana Ravichandran,Opening Keeper-Batter,Right Hand,,82,81,76,,,88,Pooku Pookies
Asha Sharath,Opening Keeper-Batter,Right Hand,,82,81,76,,,88,Ommala Omegas
Athira Patel,Opening Keeper-Batter,Left Hand,,82,81,76,,,88,Lanja Lionesses
Athmiya Rajan,Top Order Keeper-Batter,Left Hand,,82,81,76,,,88,Kundi Klappers
Avantika Mishra,Top Order Keeper-Batter,Right Hand,,82,81,76,,,88,Thevidiya Thunders
Brigida Saga,Opening Keeper-Batter,Right Hand,,82,81,76,,,88,Soole Strikers
Farina Azad,Opening Keeper-Batter,Left Hand,,82,81,76,,,88,Lanja Lionesses
Fouzil Hidhayah,Opening Keeper-Batter,Right Hand,,82,81,76,,,88,Kundi Klappers
Kavya Shasthri,Top Order Keeper-Batter,Left Hand,,82,81,76,,,88,Bhosadi Blasters
Krithi Shetty,Top Order Keeper-Batter,Right Hand,,82,81,76,,,88,Bhosadi Blasters
Maanasa Choudhary,Middle Order Keeper-Batter,Right Hand,,82,81,76,,,88,Lund Lovers
Madonna Sebastian,Top Order Keeper-Batter,Right Hand,,82,81,76,,,88,Okkali Outriders
Malavika Konnur Menon,Top Order Keeper-Batter,Right Hand,,82,81,76,,,88,Lund Lovers
Maria Juliana,Middle Order Keeper-Batter,Left Hand,,82,81,76,,,88,Ommala Omegas
Meenakshi Govindarajan,Top Order Keeper-Batter,Left Hand,,82,81,76,,,88,Soole Strikers
Monal Gajjar,Opening Keeper-Batter,Right Hand,,82,81,76,,,88,Chutiya Champions
Mounika Devi,Opening Keeper-Batter,Right Hand,,82,81,76,,,88,Lanja Lionesses
Nandhini,Middle Order Keeper-Batter,Right Hand,,82,81,76,,,88,Randi Ryders
Nandini Rai,Top Order Keeper-Batter,Right Hand,,82,81,76,,,88,Thevidiya Thunders
Neha Shetty,Middle Order Keeper-Batter,Right Hand,,82,81,76,,,88,Sunni Suckers
Niranjana Anoop,Opening Keeper-Batter,Left Hand,,82,81,76,,,88,Modda Munchers
Nishvika Naidu,Top Order Keeper-Batter,Right Hand,,82,81,76,,,88,Bhosadi Blasters
Priyanka Jain,Middle Order Keeper-Batter,Right Hand,,82,81,76,,,88,Denge Dashers
Rachana Inder,Top Order Keeper-Batter,Right Hand,,82,81,76,,,88,Ommala Omegas
Rachel David,Middle Order Keeper-Batter,Right Hand,,82,81,76,,,88,Thayoli Trackers
Rakul Preet Singh,Middle Order Keeper-Batter,Right Hand,,82,81,76,,,88,Chutiya Champions
Ramya Subramanian,Top Order Keeper-Batter,Left Hand,,82,81,76,,,88,Denge Dashers
Raveena Daha,Opening Keeper-Batter,Right Hand,,82,81,76,,,88,Koodhi Kweens
Renu Soundar,Middle Order Keeper-Batter,Left Hand,,82,81,76,,,88,Denge Dashers
Rithu Chowdary,Middle Order Keeper-Batter,Right Hand,,82,81,76,,,88,Punda Prowlers
Roshni Haripriyan,Middle Order Keeper-Batter,Right Hand,,82,81,76,,,88,Myru Masters
Ruhani Sharma,Middle Order Keeper-Batter,Right Hand,,82,81,76,,,88,Sunni Suckers
Samantha Ruth Prabhu,Opening Keeper-Batter,Left Hand,,82,81,76,,,88,Pooku Pookies
Samvrutha Sunil,Top Order Keeper-Batter,Right Hand,,82,81,76,,,88,Soothu Stingers
Shreema Upadhyay,Middle Order Keeper-Batter,Right Hand,,82,81,76,,,88,Randi Ryders
Sri Divya,Opening Keeper-Batter,Right Hand,,82,81,76,,,88,Poolu Poachers
Srinidhi Shetty,Top Order Keeper-Batter,Right Hand,,82,81,76,,,88,Myru Masters
Swasika Vijay,Middle Order Keeper-Batter,Left Hand,,82,81,76,,,88,Punda Prowlers
Tanya Ravichandran,Middle Order Keeper-Batter,Right Hand,,82,81,76,,,88,Okkali Outriders
Tripti Dimri,Top Order Keeper-Batter,Left Hand,,82,81,76,,,88,Poolu Poachers
Vaibhavi Shandilya,Middle Order Keeper-Batter,Right Hand,,82,81,76,,,88,Myru Masters
Abarnathi,Pace All Rounder,Left Hand,Left Arm Fast-Medium,80,80,78,78,78,80,Koodhi Kweens
Aishwarya Lekshmi,Pace All Rounder,Right Hand,Left Arm Medium-Fast,80,80,78,78,78,80,Lanja Lionesses
Amyra Dastur,Pace All Rounder,Right Hand,Right Arm Medium-Fast,80,80,78,78,78,80,Randi Ryders
Anju Kurian,Pace All Rounder,Left Hand,Left Arm Medium,80,80,78,78,78,80,Poolu Poachers
Anu Emmanuel,Pace All Rounder,Left Hand,Left Arm Fast-Medium,80,80,78,78,78,80,Kundi Klappers
Avika Gor,Pace All Rounder,Right Hand,Right Arm Medium,80,80,78,78,78,80,Randi Ryders
Deepti Sati,Pace All Rounder,Right Hand,Right Arm Fast-Medium,80,80,78,78,78,80,Koodhi Kweens
Dhanya Balakrishna,Pace All Rounder,Right Hand,Right Arm Medium,80,80,78,78,78,80,Denge Dashers
Digangana Suryavanshi,Pace All Rounder,Left Hand,Left Arm Fast-Medium,80,80,78,78,78,80,Kundi Klappers
Gayathrie Shankar,Pace All Rounder,Right Hand,Right Arm Medium-Fast,80,80,78,78,78,80,Chutiya Champions
Hima Bindu,Pace All Rounder,Right Hand,Right Arm Medium,80,80,78,78,78,80,Soole Strikers
Huma Qureshi,Pace All Rounder,Right Hand,Left Arm Medium-Fast,80,80,78,78,78,80,Denge Dashers
Janani Iyer,Pace All Rounder,Right Hand,Left Arm Fast-Medium,80,80,78,78,78,80,Lanja Lionesses
Kalyani Priyadarshan,Pace All Rounder,Right Hand,Right Arm Fast-Medium,80,80,78,78,78,80,Bhosadi Blasters
Kushita Kallapu,Pace All Rounder,Right Hand,Right Arm Fast-Medium,80,80,78,78,78,80,Punda Prowlers
Malvika Nair,Pace All Rounder,Right Hand,Right Arm Medium,80,80,78,78,78,80,Pooku Pookies
Meghana Raj,Pace All Rounder,Right Hand,Right Arm Medium,80,80,78,78,78,80,Myru Masters
Misha Narang,Pace All Rounder,Right Hand,Right Arm Fast-Medium,80,80,78,78,78,80,Soole Strikers
Nisha Aggarwal,Pace All Rounder,Right Hand,Right Arm Fast,80,80,78,78,78,80,Thayoli Trackers
Nivedya Sankar,Pace All Rounder,Right Hand,Left Arm Medium-Fast,80,80,78,78,78,80,Soothu Stingers
Nivisha Kingkon,Pace All Rounder,Left Hand,Left Arm Fast-Medium,80,80,78,78,78,80,Okkali Outriders
Piaa Bajpiee,Pace All Rounder,Right Hand,Left Arm Medium-Fast,80,80,78,78,78,80,Okkali Outriders
Pooja Hegde,Pace All Rounder,Right Hand,Right Arm Medium-Fast,80,80,78,78,78,80,Thayoli Trackers
Poonam Bajwa,Pace All Rounder,Left Hand,Left Arm Fast,80,80,78,78,78,80,Ommala Omegas
Pragya Jaiswal,Pace All Rounder,Right Hand,Left Arm Fast,80,80,78,78,78,80,Thevidiya Thunders
Pranitha Subhash,Pace All Rounder,Right Hand,Left Arm Fast-Medium,80,80,78,78,78,80,Sunni Suckers
Priya Krishnan,Pace All Rounder,Right Hand,Right Arm Medium-Fast,80,80,78,78,78,80,Okkali Outriders
Ritika Singh,Pace All Rounder,Right Hand,Left Arm Medium-Fast,80,80,78,78,78,80,Koodhi Kweens
Riya Shibu,Pace All Rounder,Left Hand,Right Arm Fast-Medium,80,80,78,78,78,80,Punda Prowlers
Rupa Manjari,Pace All Rounder,Right Hand,Left Arm Fast-Medium,80,80,78,78,78,80,Soothu Stingers
Sadha,Pace All Rounder,Right Hand,Left Arm Medium-Fast,80,80,78,78,78,80,Modda Munchers
Sakshi Agarwal,Pace All Rounder,Right Hand,Left Arm Medium,80,80,78,78,78,80,Soothu Stingers
Sarah-Jane Dias,Pace All Rounder,Right Hand,Left Arm Fast-Medium,80,80,78,78,78,80,Thevidiya Thunders
Sayyeshaa Saigal,Pace All Rounder,Right Hand,Right Arm Medium-Fast,80,80,78,78,78,80,Lund Lovers
Shivani Narayanan,Pace All Rounder,Right Hand,Left Arm Fast-Medium,80,80,78,78,78,80,Ommala Omegas
Shruthi Ramakrishna,Pace All Rounder,Left Hand,Left Arm Medium-Fast,80,80,78,78,78,80,Thevidiya Thunders
Shruti Haasan,Pace All Rounder,Right Hand,Right Arm Medium,80,80,78,78,78,80,Lund Lovers
Shrutika Arjun,Pace All Rounder,Right Hand,Right Arm Medium,80,80,78,78,78,80,Modda Munchers
Sridevi Vijayakumar,Pace All Rounder,Right Hand,Left Arm Fast-Medium,80,80,78,78,78,80,Bhosadi Blasters
Sunita Gogoi,Pace All Rounder,Right Hand,Right Arm Medium,80,80,78,78,78,80,Lund Lovers
Sunitha Srinivasan,Pace All Rounder,Right Hand,Right Arm Fast-Medium,80,80,78,78,78,80,Poolu Poachers
Tejaswi Madivada,Pace All Rounder,Right Hand,Right Arm Medium-Fast,80,80,78,78,78,80,Poolu Poachers
Vasundhara Kashyap,Pace All Rounder,Left Hand,Right Arm Fast-Medium,80,80,78,78,78,80,Modda Munchers
Aditi Rao Hydari,Spin All Rounder,Right Hand,Right Arm Offspin,80,80,78,78,78,80,Soole Strikers
Aishwarya Devan,Spin All Rounder,Left Hand,Right Arm Legspin,80,80,78,78,78,80,Thevidiya Thunders
Aishwarya Dutta,Spin All Rounder,Left Hand,Slow Left Arm Chinaman,80,80,78,78,78,80,Punda Prowlers
Amrutha Iyengar,Spin All Rounder,Right Hand,Right Arm Offspin,80,80,78,78,78,80,Poolu Poachers
Anagha,Spin All Rounder,Right Hand,Right Arm Offspin,80,80,78,78,78,80,Soothu Stingers
Anandhi,Spin All Rounder,Left Hand,Slow Left Arm Chinaman,80,80,78,78,78,80,Sunni Suckers
Ashika Ranganath,Spin All Rounder,Right Hand,Right Arm Offspin,80,80,78,78,78,80,Pooku Pookies
Brinda Acharya,Spin All Rounder,Left Hand,Slow Left Arm Orthodox,80,80,78,78,78,80,Lund Lovers
Chandhini Prakash,Spin All Rounder,Right Hand,Right Arm Offspin,80,80,78,78,78,80,Lanja Lionesses
Chandini Chowdary,Spin All Rounder,Right Hand,Right Arm Legspin,80,80,78,78,78,80,Punda Prowlers
Delna Davis,Spin All Rounder,Left Hand,Slow Left Arm Orthodox,80,80,78,78,78,80,Ommala Omegas
Dharshna Sripal,Spin All Rounder,Right Hand,Right Arm Offspin,80,80,78,78,78,80,Poolu Poachers
Gayathri Arun,Spin All Rounder,Right Hand,Right Arm Offspin,80,80,78,78,78,80,Randi Ryders
Hansika Motwani,Spin All Rounder,Left Hand,Slow Left Arm Chinaman,80,80,78,78,78,80,Kundi Klappers
Jannat Zubair,Spin All Rounder,Left Hand,Slow Left Arm Chinaman,80,80,78,78,78,80,Okkali Outriders
Kajal Aggarwal,Spin All Rounder,Right Hand,Right Arm Legspin,80,80,78,78,78,80,Modda Munchers
Kalpika Ganesh,Spin All Rounder,Right Hand,Right Arm Offspin,80,80,78,78,78,80,Chutiya Champions
Kavya Kalyanram,Spin All Rounder,Left Hand,Slow Left Arm Chinaman,80,80,78,78,78,80,Lanja Lionesses
Laila Mehdi,Spin All Rounder,Right Hand,Right Arm Offspin,80,80,78,78,78,80,Ommala Omegas
Laxmi Raai,Spin All Rounder,Right Hand,Right Arm Offspin,80,80,78,78,78,80,Sunni Suckers
Malavika Manoj,Spin All Rounder,Left Hand,Slow Left Arm Orthodox,80,80,78,78,78,80,Pooku Pookies
Manya Mallika,Spin All Rounder,Right Hand,Right Arm Legspin,80,80,78,78,78,80,Chutiya Champions
Megha Shetty,Spin All Rounder,Right Hand,Right Arm Legspin,80,80,78,78,78,80,Kundi Klappers
Nayanthara Chakravarthy,Spin All Rounder,Right Hand,Right Arm Legspin,80,80,78,78,78,80,Denge Dashers
Nithya Ram,Spin All Rounder,Right Hand,Right Arm Offspin,80,80,78,78,78,80,Soole Strikers
Padmapriya Janakiraman,Spin All Rounder,Right Hand,Right Arm Offspin,80,80,78,78,78,80,Thevidiya Thunders
Priya Vadlamani,Spin All Rounder,Left Hand,Right Arm Legspin,80,80,78,78,78,80,Lund Lovers
Rajisha Vijayan,Spin All Rounder,Right Hand,Right Arm Offspin,80,80,78,78,78,80,Myru Masters
Rashmi Gautam,Spin All Rounder,Left Hand,Slow Left Arm Orthodox,80,80,78,78,78,80,Sunni Suckers
Reshma Pasupuleti,Spin All Rounder,Left Hand,Slow Left Arm Chinaman,80,80,78,78,78,80,Kundi Klappers
Riya Thiyagarajan,Spin All Rounder,Right Hand,Right Arm Legspin,80,80,78,78,78,80,Randi Ryders
Sakshi Vaidya,Spin All Rounder,Right Hand,Right Arm Legspin,80,80,78,78,78,80,Soole Strikers
Sameera Reddy,Spin All Rounder,Left Hand,Slow Left Arm Orthodox,80,80,78,78,78,80,Thayoli Trackers
Samyuktha Hegde,Spin All Rounder,Right Hand,Right Arm Offspin,80,80,78,78,78,80,Denge Dashers
Samyuktha Viswanathan,Spin All Rounder,Left Hand,Slow Left Arm Chinaman,80,80,78,78,78,80,Punda Prowlers
Sana Althaf,Spin All Rounder,Left Hand,Slow Left Arm Orthodox,80,80,78,78,78,80,Modda Munchers
Sanjana Sarathy,Spin All Rounder,Left Hand,Slow Left Arm Orthodox,80,80,78,78,78,80,Koodhi Kweens
Sherin Shringar,Spin All Rounder,Right Hand,Right Arm Legspin,80,80,78,78,78,80,Chutiya Champions
Soundariya Nanjundan,Spin All Rounder,Right Hand,Right Arm Offspin,80,80,78,78,78,80,Thayoli Trackers
Sridevi Ashok,Spin All Rounder,Left Hand,Slow Left Arm Orthodox,80,80,78,78,78,80,Okkali Outriders
Sriya Reddy,Spin All Rounder,Left Hand,Slow Left Arm Orthodox,80,80,78,78,78,80,Bhosadi Blasters
Srushti Dange,Spin All Rounder,Left Hand,Right Arm Offspin,80,80,78,78,78,80,Myru Masters
Surabhi Santosh,Spin All Rounder,Left Hand,Slow Left Arm Orthodox,80,80,78,78,78,80,Bhosadi Blasters
Thapaswini Poonacha,Spin All Rounder,Left Hand,Slow Left Arm Orthodox,80,80,78,78,78,80,Randi Ryders
Vaishnavi Chaitanya,Spin All Rounder,Right Hand,Right Arm Offspin,80,80,78,78,78,80,Pooku Pookies
Vani Bhojan,Spin All Rounder,Right Hand,Right Arm Legspin,80,80,78,78,78,80,Myru Masters
Veena Nandakumar,Spin All Rounder,Right Hand,Right Arm Offspin,80,80,78,78,78,80,Koodhi Kweens
Wamiqa Gabbi,Spin All Rounder,Right Hand,Right Arm Offspin,80,80,78,78,78,80,Soothu Stingers
Abeneya Nethran,Spin Bowler,Left Hand,Slow Left Arm Chinaman,45,45,40,82,82,75,Okkali Outriders
Aditi Balan,Spin Bowler,Right Hand,Right Arm Legspin,45,45,40,82,82,75,Punda Prowlers
Aditi Ravi,Spin Bowler,Right Hand,Right Arm Offspin,45,45,40,82,82,75,Ommala Omegas
Akshara Gowda,Spin Bowler,Left Hand,Slow Left Arm Orthodox,45,45,40,82,82,75,Punda Prowlers
Ananthi Iyappan,Spin Bowler,Right Hand,Right Arm Offspin,45,45,40,82,82,75,Lund Lovers
Anusree Nair,Spin Bowler,Left Hand,Slow Left Arm Orthodox,45,45,40,82,82,75,Soothu Stingers
Aparna Balamurali,Spin Bowler,Left Hand,Slow Left Arm Orthodox,45,45,40,82,82,75,Randi Ryders
Asin Thottumkal,Spin Bowler,Left Hand,Slow Left Arm Chinaman,45,45,40,82,82,75,Pooku Pookies
Ayesha Khan,Spin Bowler,Left Hand,Slow Left Arm Orthodox,45,45,40,82,82,75,Thevidiya Thunders
Chitra Shukla,Spin Bowler,Right Hand,Right Arm Offspin,45,45,40,82,82,75,Soole Strikers
Dhivyadharshini,Spin Bowler,Right Hand,Right Arm Legspin,45,45,40,82,82,75,Sunni Suckers
Divya Spandana,Spin Bowler,Right Hand,Right Arm Offspin,45,45,40,82,82,75,Kundi Klappers
Dushara Vijayan,Spin Bowler,Right Hand,Right Arm Offspin,45,45,40,82,82,75,Okkali Outriders
Eshanya Maheshwari,Spin Bowler,Right Hand,Right Arm Offspin,45,45,40,82,82,75,Soothu Stingers
Gabriella Charlton,Spin Bowler,Left Hand,Slow Left Arm Orthodox,45,45,40,82,82,75,Ommala Omegas
Gauthami Nair,Spin Bowler,Right Hand,Right Arm Offspin,45,45,40,82,82,75,Thayoli Trackers
Gehna Sippy,Spin Bowler,Right Hand,Right Arm Offspin,45,45,40,82,82,75,Chutiya Champions
Gopika Anil,Spin Bowler,Right Hand,Right Arm Offspin,45,45,40,82,82,75,Ommala Omegas
Jovika Vijaykumar,Spin Bowler,Right Hand,Right Arm Offspin,45,45,40,82,82,75,Myru Masters
Kiara Advani,Spin Bowler,Right Hand,Right Arm Offspin,45,45,40,82,82,75,Poolu Poachers
Lavanya Tripathi,Spin Bowler,Right Hand,Right Arm Offspin,45,45,40,82,82,75,Kundi Klappers
Losliya Mariyanesan,Spin Bowler,Right Hand,Right Arm Legspin,45,45,40,82,82,75,Soole Strikers
Lovelyn Chandrasekhar,Spin Bowler,Right Hand,Right Arm Legspin,45,45,40,82,82,75,Sunni Suckers
Madhuri Braganza,Spin Bowler,Left Hand,Slow Left Arm Chinaman,45,45,40,82,82,75,Punda Prowlers
Manasa Radhakrishnan,Spin Bowler,Right Hand,Right Arm Offspin,45,45,40,82,82,75,Chutiya Champions
Manimegalai,Spin Bowler,Right Hand,Right Arm Offspin,45,45,40,82,82,75,Randi Ryders
Mehreen Pirzada,Spin Bowler,Left Hand,Slow Left Arm Chinaman,45,45,40,82,82,75,Sunni Suckers
Milana Nagaraj,Spin Bowler,Right Hand,Right Arm Legspin,45,45,40,82,82,75,Myru Masters
Miya George,Spin Bowler,Left Hand,Slow Left Arm Orthodox,45,45,40,82,82,75,Koodhi Kweens
Mounika Subramaniyam,Spin Bowler,Left Hand,Slow Left Arm Orthodox,45,45,40,82,82,75,Chutiya Champions
Nabha Natesh,Spin Bowler,Right Hand,Right Arm Legspin,45,45,40,82,82,75,Pooku Pookies
Nanditha Jennifer,Spin Bowler,Right Hand,Right Arm Offspin,45,45,40,82,82,75,Modda Munchers
Navya Nair,Spin Bowler,Right Hand,Right Arm Legspin,45,45,40,82,82,75,Myru Masters
Neelima Rani,Spin Bowler,Right Hand,Right Arm Offspin,45,45,40,82,82,75,Kundi Klappers
Nimisha Sajayan,Spin Bowler,Left Hand,Slow Left Arm Chinaman,45,45,40,82,82,75,Lanja Lionesses
Nivetha Thomas,Spin Bowler,Right Hand,Right Arm Offspin,45,45,40,82,82,75,Thevidiya Thunders
Padine Kumar,Spin Bowler,Left Hand,Slow Left Arm Chinaman,45,45,40,82,82,75,Bhosadi Blasters
Parvathy Thiruvothu,Spin Bowler,Left Hand,Slow Left Arm Chinaman,45,45,40,82,82,75,Soole Strikers
Payal Radhakrishna,Spin Bowler,Right Hand,Right Arm Legspin,45,45,40,82,82,75,Thevidiya Thunders
Preetha Suresh,Spin Bowler,Left Hand,Slow Left Arm Chinaman,45,45,40,82,82,75,Modda Munchers
Priyanka Nair,Spin Bowler,Left Hand,Slow Left Arm Chinaman,45,45,40,82,82,75,Pooku Pookies
Rithika Tamilselvan,Spin Bowler,Right Hand,Right Arm Offspin,45,45,40,82,82,75,Okkali Outriders
Ritika Nayak,Spin Bowler,Right Hand,Right Arm Offspin,45,45,40,82,82,75,Poolu Poachers
Ritu Varma,Spin Bowler,Left Hand,Slow Left Arm Chinaman,45,45,40,82,82,75,Soothu Stingers
Riythvika Panneerselvam,Spin Bowler,Left Hand,Slow Left Arm Orthodox,45,45,40,82,82,75,Denge Dashers
Sachana Namidass,Spin Bowler,Right Hand,Right Arm Legspin,45,45,40,82,82,75,Randi Ryders
Sanchana Natarajan,Spin Bowler,Left Hand,Slow Left Arm Orthodox,45,45,40,82,82,75,Koodhi Kweens
Sanjana Krishnamoorthy,Spin Bowler,Right Hand,Right Arm Legspin,45,45,40,82,82,75,Denge Dashers
Sara Arjun,Spin Bowler,Right Hand,Right Arm Offspin,45,45,40,82,82,75,Poolu Poachers
Shalini Pandey,Spin Bowler,Left Hand,Slow Left Arm Chinaman,45,45,40,82,82,75,Koodhi Kweens
Shamna Kasim,Spin Bowler,Left Hand,Slow Left Arm Orthodox,45,45,40,82,82,75,Lanja Lionesses
Sheela Rajkumar,Spin Bowler,Right Hand,Right Arm Offspin,45,45,40,82,82,75,Lund Lovers
Shivathmika Rajashekar,Spin Bowler,Right Hand,Right Arm Legspin,45,45,40,82,82,75,Bhosadi Blasters
Sivaangi Krishnakumar,Spin Bowler,Left Hand,Slow Left Arm Chinaman,45,45,40,82,82,75,Lund Lovers
Varsha Sounderajan,Spin Bowler,Right Hand,Right Arm Offspin,45,45,40,82,82,75,Thayoli Trackers
Vidisha Srivastava,Spin Bowler,Right Hand,Right Arm Offspin,45,45,40,82,82,75,Lanja Lionesses
Abhirami Gopikumar,Pace Bowler,Right Hand,Left Arm Medium-Fast,45,45,40,82,82,75,Denge Dashers
Aindrita Ray,Pace Bowler,Right Hand,Left Arm Medium-Fast,45,45,40,82,82,75,Lanja Lionesses
Aksha Pardasany,Pace Bowler,Right Hand,Left Arm Fast-Medium,45,45,40,82,82,75,Punda Prowlers
Ananya Nagalla,Pace Bowler,Right Hand,Left Arm Medium-Fast,45,45,40,82,82,75,Chutiya Champions
Anaswara Rajan,Pace Bowler,Left Hand,Left Arm Medium-Fast,45,45,40,82,82,75,Poolu Poachers
Angel Mariya,Pace Bowler,Left Hand,Left Arm Fast,45,45,40,82,82,75,Thevidiya Thunders
Anu Sithara,Pace Bowler,Right Hand,Left Arm Medium-Fast,45,45,40,82,82,75,Modda Munchers
Anuya Bhagwat,Pace Bowler,Left Hand,Left Arm Medium-Fast,45,45,40,82,82,75,Sunni Suckers
Ariyana Glory,Pace Bowler,Left Hand,Left Arm Medium-Fast,45,45,40,82,82,75,Thayoli Trackers
Aruljothi Arockiaraj,Pace Bowler,Right Hand,Left Arm Medium-Fast,45,45,40,82,82,75,Myru Masters
Aurora Sinclair,Pace Bowler,Right Hand,Left Arm Fast,45,45,40,82,82,75,Ommala Omegas
Ayesha Zeenath,Pace Bowler,Right Hand,Left Arm Fast,45,45,40,82,82,75,Poolu Poachers
Bhagyashri Borse,Pace Bowler,Right Hand,Left Arm Medium-Fast,45,45,40,82,82,75,Chutiya Champions
Chandini Tamilarasan,Pace Bowler,Left Hand,Left Arm Medium-Fast,45,45,40,82,82,75,Bhosadi Blasters
Deepthi Sunaina,Pace Bowler,Left Hand,Left Arm Medium-Fast,45,45,40,82,82,75,Lanja Lionesses
Devika Sanjay,Pace Bowler,Left Hand,Left Arm Medium-Fast,45,45,40,82,82,75,Lund Lovers
Divya Ganesan,Pace Bowler,Right Hand,Left Arm Fast-Medium,45,45,40,82,82,75,Soothu Stingers
Ester Noronha,Pace Bowler,Right Hand,Left Arm Medium-Fast,45,45,40,82,82,75,Ommala Omegas
Eva Prakash,Pace Bowler,Left Hand,Left Arm Fast,45,45,40,82,82,75,Denge Dashers
Farnaz Shetty,Pace Bowler,Right Hand,Left Arm Fast,45,45,40,82,82,75,Kundi Klappers
Gopika Suresh,Pace Bowler,Right Hand,Left Arm Medium-Fast,45,45,40,82,82,75,Randi Ryders
Hamida Khatoon,Pace Bowler,Right Hand,Left Arm Medium-Fast,45,45,40,82,82,75,Chutiya Champions
Harshika Poonacha,Pace Bowler,Right Hand,Left Arm Medium-Fast,45,45,40,82,82,75,Koodhi Kweens
Kavitha Gowda,Pace Bowler,Left Hand,Left Arm Medium-Fast,45,45,40,82,82,75,Thayoli Trackers
Keerthi Pandian,Pace Bowler,Left Hand,Left Arm Fast-Medium,45,45,40,82,82,75,Pooku Pookies
Keerthy Suresh,Pace Bowler,Right Hand,Left Arm Fast-Medium,45,45,40,82,82,75,Randi Ryders
Komalee Prasad,Pace Bowler,Left Hand,Left Arm Medium-Fast,45,45,40,82,82,75,Thevidiya Thunders
Krithika,Pace Bowler,Left Hand,Left Arm Fast-Medium,45,45,40,82,82,75,Bhosadi Blasters
Mahima Nambiar,Pace Bowler,Right Hand,Left Arm Medium-Fast,45,45,40,82,82,75,Denge Dashers
Malavika Menon,Pace Bowler,Right Hand,Left Arm Fast-Medium,45,45,40,82,82,75,Bhosadi Blasters
Mamta Mohandas,Pace Bowler,Left Hand,Left Arm Fast-Medium,45,45,40,82,82,75,Thevidiya Thunders
Meera Jasmine,Pace Bowler,Right Hand,Left Arm Medium-Fast,45,45,40,82,82,75,Punda Prowlers
Meera Vasudevan,Pace Bowler,Left Hand,Left Arm Medium-Fast,45,45,40,82,82,75,Ommala Omegas
Mirnalini Ravi,Pace Bowler,Right Hand,Left Arm Fast-Medium,45,45,40,82,82,75,Lund Lovers
Nayan Sarika,Pace Bowler,Left Hand,Left Arm Medium-Fast,45,45,40,82,82,75,Modda Munchers
Neetu Chandra,Pace Bowler,Left Hand,Left Arm Medium-Fast,45,45,40,82,82,75,Denge Dashers
Nivetha Pethuraj,Pace Bowler,Left Hand,Left Arm Fast,45,45,40,82,82,75,Soothu Stingers
Nyla Usha,Pace Bowler,Left Hand,Left Arm Medium-Fast,45,45,40,82,82,75,Randi Ryders
Preethi Asrani,Pace Bowler,Right Hand,Left Arm Medium-Fast,45,45,40,82,82,75,Pooku Pookies
Pujita Ponnada,Pace Bowler,Left Hand,Left Arm Fast,45,45,40,82,82,75,Okkali Outriders
Ragini Dwivedi,Pace Bowler,Right Hand,Left Arm Fast-Medium,45,45,40,82,82,75,Myru Masters
Sai Pallavi,Pace Bowler,Right Hand,Left Arm Fast,45,45,40,82,82,75,Modda Munchers
Samyuktha Shan,Pace Bowler,Right Hand,Left Arm Fast-Medium,45,45,40,82,82,75,Bhosadi Blasters
Sanjanaa Singh,Pace Bowler,Right Hand,Left Arm Medium-Fast,45,45,40,82,82,75,Poolu Poachers
Sankavi Rajendran,Pace Bowler,Right Hand,Left Arm Fast,45,45,40,82,82,75,Soothu Stingers
Saranya Turadi,Pace Bowler,Right Hand,Left Arm Fast-Medium,45,45,40,82,82,75,Sunni Suckers
Shruthi Ramachandran,Pace Bowler,Right Hand,Left Arm Fast-Medium,45,45,40,82,82,75,Koodhi Kweens
Sravanthi Chokarapu,Pace Bowler,Right Hand,Left Arm Fast,45,45,40,82,82,75,Soole Strikers
Sruthy Jayan,Pace Bowler,Left Hand,Left Arm Medium-Fast,45,45,40,82,82,75,Myru Masters
Sunaina Yella,Pace Bowler,Right Hand,Left Arm Medium-Fast,45,45,40,82,82,75,Kundi Klappers
Suzane George,Pace Bowler,Left Hand,Left Arm Fast-Medium,45,45,40,82,82,75,Lund Lovers
Tanvi Ram,Pace Bowler,Right Hand,Left Arm Medium-Fast,45,45,40,82,82,75,Thayoli Trackers
Tridha Choudhury,Pace Bowler,Right Hand,Left Arm Fast-Medium,45,45,40,82,82,75,Soole Strikers
Varalaxmi Sarathkumar,Pace Bowler,Right Hand,Left Arm Fast-Medium,45,45,40,82,82,75,Okkali Outriders
Vedhika Kumar,Pace Bowler,Right Hand,Left Arm Fast,45,45,40,82,82,75,Modda Munchers
Vishnupirya Bhimeneni,Pace Bowler,Right Hand,Left Arm Medium-Fast,45,45,40,82,82,75,Soole Strikers
Aishwarya Rajesh,Pace Bowler,Right Hand,Right Arm Fast-Medium,45,45,40,82,82,75,Kundi Klappers
Anishma Anilkumar,Pace Bowler,Left Hand,Right Arm Fast-Medium,45,45,40,82,82,75,Pooku Pookies
Anjana Rangan,Pace Bowler,Right Hand,Right Arm Medium-Fast,45,45,40,82,82,75,Chutiya Champions
Anumol,Pace Bowler,Right Hand,Right Arm Medium-Fast,45,45,40,82,82,75,Denge Dashers
Anupama Parameswaran,Pace Bowler,Right Hand,Right Arm Fast-Medium,45,45,40,82,82,75,Chutiya Champions
Aparna Das,Pace Bowler,Right Hand,Right Arm Fast-Medium,45,45,40,82,82,75,Lund Lovers
Arthana Binu,Pace Bowler,Right Hand,Right Arm Medium-Fast,45,45,40,82,82,75,Thayoli Trackers
Athulya Ravi,Pace Bowler,Right Hand,Right Arm Medium-Fast,45,45,40,82,82,75,Thevidiya Thunders
Avantika Mohan,Pace Bowler,Right Hand,Right Arm Fast-Medium,45,45,40,82,82,75,Soothu Stingers
Bhumika Chawla,Pace Bowler,Right Hand,Right Arm Medium-Fast,45,45,40,82,82,75,Kundi Klappers
Darshana Rajendran,Pace Bowler,Right Hand,Right Arm Medium-Fast,45,45,40,82,82,75,Koodhi Kweens
Deepa Sannidhi,Pace Bowler,Right Hand,Right Arm Medium-Fast,45,45,40,82,82,75,Lund Lovers
Dimple Hayathi,Pace Bowler,Right Hand,Right Arm Medium-Fast,45,45,40,82,82,75,Punda Prowlers
Disha Patani,Pace Bowler,Right Hand,Right Arm Medium-Fast,45,45,40,82,82,75,Koodhi Kweens
Gayathri Yuvaraaj,Pace Bowler,Left Hand,Right Arm Fast,45,45,40,82,82,75,Sunni Suckers
Hansika Krishna,Pace Bowler,Left Hand,Right Arm Fast-Medium,45,45,40,82,82,75,Modda Munchers
Himaja Mallireddy,Pace Bowler,Right Hand,Right Arm Medium-Fast,45,45,40,82,82,75,Soole Strikers
Ineya,Pace Bowler,Right Hand,Right Arm Medium-Fast,45,45,40,82,82,75,Punda Prowlers
Jacquline Lydia,Pace Bowler,Right Hand,Right Arm Fast-Medium,45,45,40,82,82,75,Randi Ryders
Karthika Nair,Pace Bowler,Right Hand,Right Arm Fast,45,45,40,82,82,75,Bhosadi Blasters
Kashmira Pardeshi,Pace Bowler,Right Hand,Right Arm Fast,45,45,40,82,82,75,Bhosadi Blasters
Kasthuri Shankar,Pace Bowler,Right Hand,Right Arm Fast-Medium,45,45,40,82,82,75,Myru Masters
Kousalya,Pace Bowler,Right Hand,Right Arm Medium-Fast,45,45,40,82,82,75,Sunni Suckers
Kushee Ravi,Pace Bowler,Right Hand,Right Arm Fast-Medium,45,45,40,82,82,75,Punda Prowlers
Lekha Washington,Pace Bowler,Right Hand,Right Arm Fast-Medium,45,45,40,82,82,75,Lanja Lionesses
Malvika Sharma,Pace Bowler,Right Hand,Right Arm Medium-Fast,45,45,40,82,82,75,Thevidiya Thunders
Mamitha Baiju,Pace Bowler,Right Hand,Right Arm Fast,45,45,40,82,82,75,Kundi Klappers
Manasa Varanssi,Pace Bowler,Left Hand,Right Arm Fast,45,45,40,82,82,75,Lanja Lionesses
Manaswini K Ram,Pace Bowler,Right Hand,Right Arm Fast-Medium,45,45,40,82,82,75,Ommala Omegas
Manjima Mohan,Pace Bowler,Right Hand,Right Arm Fast-Medium,45,45,40,82,82,75,Thayoli Trackers
Manju Warrier,Pace Bowler,Right Hand,Right Arm Fast-Medium,45,45,40,82,82,75,Soothu Stingers
Mirna Menon,Pace Bowler,Right Hand,Right Arm Medium-Fast,45,45,40,82,82,75,Myru Masters
Mishti Chakraborty,Pace Bowler,Left Hand,Right Arm Fast,45,45,40,82,82,75,Randi Ryders
Mrunal Thakur,Pace Bowler,Right Hand,Right Arm Fast-Medium,45,45,40,82,82,75,Ommala Omegas
Namitha Pramod,Pace Bowler,Right Hand,Right Arm Medium-Fast,45,45,40,82,82,75,Lanja Lionesses
Nandita Sweta,Pace Bowler,Right Hand,Right Arm Medium-Fast,45,45,40,82,82,75,Denge Dashers
Pattathil Nanditha Menon,Pace Bowler,Right Hand,Right Arm Medium-Fast,45,45,40,82,82,75,Lanja Lionesses
Pooja Ramachandran,Pace Bowler,Left Hand,Right Arm Fast-Medium,45,45,40,82,82,75,Okkali Outriders
Pranavi Manukonda,Pace Bowler,Right Hand,Right Arm Medium-Fast,45,45,40,82,82,75,Koodhi Kweens
Preity Mukhundhan,Pace Bowler,Right Hand,Right Arm Medium-Fast,45,45,40,82,82,75,Poolu Poachers
Priya Anand,Pace Bowler,Right Hand,Right Arm Fast,45,45,40,82,82,75,Myru Masters
Priya Bhavani Shankar,Pace Bowler,Right Hand,Right Arm Fast-Medium,45,45,40,82,82,75,Randi Ryders
Priya Prakash Varrier,Pace Bowler,Right Hand,Right Arm Fast,45,45,40,82,82,75,Sunni Suckers
Priyanka Nalkari,Pace Bowler,Left Hand,Right Arm Fast,45,45,40,82,82,75,Thayoli Trackers
Regina Cassandra,Pace Bowler,Right Hand,Right Arm Medium-Fast,45,45,40,82,82,75,Koodhi Kweens
Riddhi Kumar,Pace Bowler,Right Hand,Right Arm Medium-Fast,45,45,40,82,82,75,Thayoli Trackers
Riya Suman,Pace Bowler,Right Hand,Right Arm Fast,45,45,40,82,82,75,Soole Strikers
Roshni Prakash,Pace Bowler,Right Hand,Right Arm Fast,45,45,40,82,82,75,Ommala Omegas
Sai Dhanshika,Pace Bowler,Right Hand,Right Arm Medium-Fast,45,45,40,82,82,75,Pooku Pookies
Saniya Iyappan,Pace Bowler,Right Hand,Right Arm Fast,45,45,40,82,82,75,Okkali Outriders
Sanjanaa Galrani,Pace Bowler,Right Hand,Right Arm Medium-Fast,45,45,40,82,82,75,Denge Dashers
Shanvi Srivastava,Pace Bowler,Right Hand,Right Arm Fast,45,45,40,82,82,75,Modda Munchers
Shivani Rajashekar,Pace Bowler,Right Hand,Right Arm Medium-Fast,45,45,40,82,82,75,Thevidiya Thunders
Shraddha Das,Pace Bowler,Right Hand,Right Arm Medium-Fast,45,45,40,82,82,75,Sunni Suckers
Shraddha Srinath,Pace Bowler,Right Hand,Right Arm Medium-Fast,45,45,40,82,82,75,Poolu Poachers
Siri Hanumanth,Pace Bowler,Right Hand,Right Arm Medium-Fast,45,45,40,82,82,75,Pooku Pookies
Sonakshi Sinha,Pace Bowler,Right Hand,Right Arm Fast,45,45,40,82,82,75,Okkali Outriders
Sri Gouri Priya,Pace Bowler,Left Hand,Right Arm Fast,45,45,40,82,82,75,Bhosadi Blasters
Srithika,Pace Bowler,Right Hand,Right Arm Medium-Fast,45,45,40,82,82,75,Modda Munchers
Subiksha Kayarohanam,Pace Bowler,Left Hand,Right Arm Fast,45,45,40,82,82,75,Soothu Stingers
Sundari Divyaa,Pace Bowler,Right Hand,Right Arm Medium-Fast,45,45,40,82,82,75,Okkali Outriders
Tanya Hope,Pace Bowler,Right Hand,Right Arm Fast-Medium,45,45,40,82,82,75,Kundi Klappers
Vaishali Thaniga,Pace Bowler,Left Hand,Right Arm Fast-Medium,45,45,40,82,82,75,Chutiya Champions
Varsha Bollamma,Pace Bowler,Left Hand,Right Arm Fast,45,45,40,82,82,75,Lund Lovers
Varshini Venkat,Pace Bowler,Right Hand,Right Arm Fast-Medium,45,45,40,82,82,75,Punda Prowlers
Vidyullekha Raman,Pace Bowler,Right Hand,Right Arm Medium-Fast,45,45,40,82,82,75,Pooku Pookies
Viyana,Pace Bowler,Right Hand,Right Arm Medium-Fast,45,45,40,82,82,75,Soole Strikers
Zaara Vineet,Pace Bowler,Right Hand,Right Arm Fast,45,45,40,82,82,75,Poolu Poachers